Product ID,Type
L50096,L
M20343,M
L49454,L
L53355,L
M24050,M
M24300,M
L56736,L
L55488,L
L56397,L
L55067,L
L53273,L
L52981,L
M21422,M
L56091,L
L57008,L
M15219,M
L50318,L
L50201,L
L54856,L
L52109,L
L50643,L
L49187,L
L53257,L
L53313,L
L56269,L
L55142,L
H39350,H
L56208,L
L53040,L
L50227,L
M17675,M
H35898,H
L52106,L
M24800,M
L56576,L
H35545,H
L55218,L
L55076,L
L49056,L
L53718,L
L55605,L
L56398,L
M17591,M
L52753,L
L50736,L
M15683,M
M20419,M
M23105,M
M24285,M
M18397,M
M16902,M
L52799,L
L49504,L
L54552,L
M14955,M
L54996,L
L55110,L
M23304,M
L56642,L
M20494,M
L47768,L
L51239,L
M23600,M
L54293,L
L54263,L
L55827,L
L56403,L
L50494,L
L53033,L
L56909,L
L55502,L
L55326,L
L53551,L
L56239,L
L50936,L
L55162,L
L54825,L
L55814,L
L55970,L
L52213,L
L53919,L
L52158,L
L53938,L
L56258,L
L55304,L
L49216,L
M22392,M
M15546,M
H34251,H
M24081,M
L54620,L
L56060,L
L50793,L
L52083,L
L54912,L
M18457,M
H38789,H
L55258,L
L53258,L
M15285,M
L51200,L
L49553,L
L49237,L
M23252,M
L48795,L
L56761,L
L48952,L
L50748,L
L54258,L
M24386,M
L51125,L
L56251,L
L48557,L
L47788,L
L56897,L
L49996,L
H37956,H
L48891,L
L51326,L
L56253,L
L53272,L
L50265,L
L51719,L
L56250,L
L50477,L
M21705,M
L55175,L
L53392,L
M17640,M
L52498,L
L47348,L
L47803,L
M18483,M
L54981,L
L54132,L
L48810,L
L50505,L
L52216,L
L53966,L
L55966,L
L51819,L
L55224,L
L53047,L
L56162,L
L51621,L
M18261,M
M15398,M
L52724,L
L49997,L
L48275,L
L47351,L
L54676,L
L53476,L
L47501,L
L56176,L
H33665,H
L48693,L
L48805,L
H34252,H
L54237,L
M22111,M
M20955,M
M18897,M
L51721,L
H35378,H
L48093,L
L52942,L
M20199,M
M16454,M
L56449,L
H33243,H
L48259,L
L54777,L
L50573,L
L53007,L
M18953,M
L52339,L
L55508,L
L54370,L
M16035,M
M20054,M
H33318,H
L47853,L
L56316,L
L53929,L
L48490,L
L56454,L
M24753,M
L56609,L
L54445,L
L48704,L
M15568,M
L53468,L
L52866,L
L55433,L
L52457,L
L49598,L
L51116,L
M23294,M
L51996,L
L49952,L
H30274,H
M20581,M
L49113,L
L51449,L
M18355,M
L52717,L
L54114,L
M17794,M
L54369,L
L53112,L
L49796,L
M24281,M
L57026,L
L50411,L
L52781,L
L56814,L
L57070,L
L54275,L
L53856,L
M16090,M
L51097,L
H35597,H
L53748,L
M23255,M
M17895,M
L54040,L
L52232,L
M21066,M
M16241,M
M20127,M
L47966,L
M19154,M
L55926,L
M21400,M
M17891,M
L55788,L
H33139,H
L48709,L
L51094,L
L54490,L
L53050,L
L55273,L
L56849,L
L51801,L
L56821,L
L57029,L
L53665,L
L55876,L
M24486,M
L49545,L
L53171,L
L53141,L
M17084,M
M23005,M
L51945,L
L48083,L
M18333,M
M17357,M
H38790,H
L54892,L
M18731,M
M23854,M
L52091,L
M15390,M
L53022,L
L49931,L
L48607,L
L50088,L
L48816,L
L51358,L
L53441,L
M23576,M
M15944,M
H30650,H
M17816,M
H38316,H
L50854,L
H30594,H
L54588,L
M24533,M
L48208,L
M15174,M
M22417,M
L48925,L
M19069,M
M16188,M
L48448,L
M22278,M
L53271,L
L48482,L
L51976,L
M19249,M
M15435,M
L51073,L
L55887,L
L49631,L
L55232,L
L55275,L
M20813,M
H30932,H
L50097,L
L49943,L
M15131,M
L56714,L
M18281,M
M17596,M
L48501,L
L47454,L
L49571,L
L49484,L
M16381,M
L49210,L
L55041,L
L53635,L
L51363,L
L54022,L
L53337,L
H38486,H
L49852,L
M23954,M
L51138,L
M17586,M
L53656,L
L56423,L
L52813,L
L47941,L
L51196,L
L54729,L
H33001,H
L47786,L
L47791,L
L55338,L
L52626,L
L50786,L
L56731,L
L47414,L
M17019,M
L53995,L
L47807,L
L55447,L
L52378,L
L52062,L
L55220,L
L56337,L
L49246,L
L55382,L
L48750,L
M22956,M
L56543,L
L53542,L
L53933,L
L53345,L
M17796,M
L48636,L
L57099,L
L51575,L
L52606,L
L54455,L
L55271,L
L52117,L
M20931,M
L51123,L
M22026,M
L54602,L
L49180,L
L57110,L
L49197,L
L50575,L
L56255,L
L51259,L
L49990,L
L47310,L
L56584,L
L53361,L
L53731,L
L52433,L
L50678,L
L56189,L
L53232,L
M21555,M
L54274,L
L53072,L
L56908,L
L54812,L
L55551,L
L47217,L
L54707,L
L56170,L
L51887,L
M21553,M
H34308,H
H38469,H
L53499,L
M16710,M
L55215,L
L56763,L
L52840,L
M21683,M
L52642,L
L50266,L
H34330,H
L53153,L
L53213,L
L55728,L
L47528,L
L53372,L
L56256,L
L52364,L
L49477,L
L53142,L
L56915,L
L54800,L
M20450,M
L50250,L
L48403,L
M16981,M
M22398,M
M22131,M
L49741,L
L51688,L
L51580,L
L51251,L
M22063,M
H33265,H
L52818,L
M16346,M
L55336,L
L49447,L
L47485,L
M24250,M
L51038,L
M16657,M
L54760,L
H36780,H
M15206,M
L48402,L
L53119,L
L48348,L
L56041,L
L54091,L
L56224,L
M22987,M
M18575,M
M20478,M
L48604,L
L54629,L
L53028,L
H36201,H
L47244,L
L56711,L
L52925,L
M15033,M
M17662,M
M21950,M
M15502,M
L56357,L
L50864,L
L47364,L
L51415,L
L54807,L
L56161,L
H38474,H
L56469,L
M18453,M
M18225,M
L54108,L
L48731,L
L49870,L
H31341,H
M23561,M
L54665,L
L50565,L
L53556,L
L56461,L
L48770,L
L49833,L
H32038,H
M20889,M
L53850,L
M21485,M
L49267,L
L55003,L
H36996,H
L47778,L
L47327,L
L52933,L
M15079,M
L56196,L
M22930,M
L49974,L
L49720,L
L48899,L
M15387,M
M17312,M
L56664,L
L48463,L
L56246,L
L56226,L
M23853,M
M15717,M
L47398,L
M23917,M
M15721,M
L49103,L
H31146,H
L49286,L
L52588,L
L48301,L
L48485,L
M18098,M
L49078,L
L47758,L
M20840,M
L52897,L
L54769,L
L55439,L
L53368,L
H32515,H
M23665,M
M17417,M
L56262,L
L49927,L
M17355,M
H29978,H
L51191,L
L47585,L
M16863,M
L47574,L
M21012,M
L56352,L
L50146,L
L53702,L
L50983,L
L55882,L
L48850,L
M20553,M
L49915,L
L52183,L
L55124,L
M20390,M
M21715,M
L49948,L
L53393,L
L49181,L
L56667,L
L49260,L
L56276,L
H33389,H
L54148,L
M20585,M
L50995,L
L50166,L
L53239,L
L50584,L
M17371,M
M17294,M
L56318,L
L50812,L
L47663,L
L47992,L
H32389,H
M17244,M
M18406,M
L47988,L
L54679,L
L56466,L
L47909,L
L48477,L
L55015,L
M22031,M
L49124,L
M24027,M
L54959,L
M20440,M
L47406,L
L57121,L
L56140,L
L53962,L
L56553,L
M18353,M
L50042,L
L50490,L
H39398,H
L49268,L
L54473,L
L55678,L
L47253,L
L52042,L
M21463,M
L54217,L
L56199,L
M18599,M
L55251,L
M23793,M
L54260,L
L54630,L
H32562,H
L56447,L
L48886,L
M19116,M
M16111,M
L56037,L
L54541,L
L51916,L
L56333,L
M22284,M
L55265,L
L54694,L
L55754,L
L54363,L
L50587,L
L48768,L
M18037,M
L55044,L
L49637,L
L50157,L
L53319,L
M21262,M
L56134,L
M17298,M
L55256,L
L49421,L
L55163,L
L53595,L
H30301,H
L47637,L
L50101,L
L51070,L
M17463,M
L49019,L
M19124,M
L48317,L
L53528,L
L51715,L
L54857,L
L51979,L
L53754,L
L56945,L
L55141,L
L53886,L
L50924,L
L51254,L
H37740,H
L53373,L
L50962,L
H29998,H
L52509,L
L49407,L
M17123,M
H34571,H
M15702,M
L55501,L
M21259,M
H39210,H
H39086,H
L50310,L
L54297,L
L53445,L
L53866,L
H30620,H
L53270,L
L52823,L
L53629,L
H38694,H
L51548,L
L50018,L
L50999,L
L48282,L
L50104,L
L54338,L
H38593,H
L53940,L
M19416,M
L55343,L
L53104,L
L49759,L
L55921,L
L47349,L
L50302,L
L48895,L
L55886,L
M16374,M
L49327,L
L56384,L
H35040,H
M21538,M
L49054,L
L56589,L
L55969,L
M22560,M
L53450,L
M18096,M
L54318,L
L50373,L
L56990,L
M23050,M
L56927,L
M19740,M
L50756,L
M18007,M
L53561,L
L55282,L
M22248,M
L51284,L
L48138,L
M24155,M
L55846,L
M17492,M
L48790,L
L49185,L
M23789,M
L53415,L
M20455,M
L53138,L
L50406,L
L52163,L
L50848,L
L48362,L
L56349,L
L50074,L
L53793,L
L55928,L
L49591,L
L52885,L
L53140,L
L52038,L
L48818,L
L54409,L
L49912,L
L54241,L
L56331,L
L48595,L
L52041,L
L55652,L
L56277,L
H31269,H
L55704,L
L51135,L
M22388,M
L50232,L
L52388,L
M23943,M
L52413,L
L53307,L
H37434,H
L56681,L
L51773,L
L49061,L
M17573,M
L47912,L
L51737,L
L47355,L
M23588,M
L51173,L
L53269,L
M16738,M
M22004,M
L55348,L
M19723,M
M17150,M
L55663,L
L57142,L
H36228,H
L55656,L
L50029,L
L54805,L
L52661,L
L55270,L
L51211,L
L53339,L
L47230,L
H30537,H
L49988,L
M17832,M
L54888,L
L51247,L
L54529,L
L47356,L
L56697,L
L50548,L
L53013,L
M15345,M
L56456,L
L48567,L
L56634,L
L50398,L
M16151,M
M22722,M
L54167,L
L53078,L
L53154,L
L49274,L
L55590,L
L55358,L
L47183,L
L48758,L
M16119,M
H38157,H
L51560,L
L54348,L
L52526,L
L55993,L
L47720,L
L55669,L
L49551,L
L53193,L
L56319,L
M18167,M
M17059,M
M20857,M
L49410,L
L54339,L
M19152,M
M23504,M
L56639,L
L47523,L
M19232,M
M16515,M
M24022,M
L50586,L
L47706,L
L48260,L
L49693,L
L48358,L
M17919,M
L48858,L
L56084,L
M15184,M
L50551,L
L49782,L
L53728,L
L52638,L
L48329,L
L54595,L
L55376,L
H36435,H
L52888,L
L54719,L
L53862,L
M17291,M
M23453,M
M21650,M
L52052,L
H34422,H
L47256,L
L53060,L
L50355,L
L55753,L
L47790,L
L50526,L
L50935,L
L47982,L
L50343,L
L48449,L
L48306,L
L49857,L
L50162,L
L50508,L
M16334,M
L56474,L
L48969,L
L56303,L
M16274,M
L47589,L
L53631,L
M17026,M
M21168,M
M24069,M
L56746,L
L48247,L
L48953,L
L56267,L
L49762,L
M17132,M
M18660,M
L53973,L
M16654,M
L50501,L
M16660,M
M18029,M
L53382,L
L49958,L
L53525,L
L49868,L
M21141,M
L51184,L
L49320,L
M19282,M
M23095,M
L56583,L
L54642,L
L48634,L
L54758,L
L54574,L
L54160,L
H39207,H
L50840,L
L56411,L
H36485,H
M16307,M
L50249,L
L53490,L
M24842,M
L51970,L
L47594,L
L51040,L
L56320,L
L56275,L
H36250,H
L54641,L
L53876,L
L54970,L
M17229,M
L55579,L
L47257,L
M22046,M
L54126,L
M23797,M
M21429,M
L53301,L
L55930,L
H34719,H
L55277,L
L48290,L
M22719,M
L48951,L
L56209,L
M23864,M
L54713,L
L53854,L
L53263,L
L48236,L
L52049,L
L48470,L
L56304,L
M16408,M
M18129,M
L53554,L
L56424,L
L55058,L
M21610,M
L54243,L
H36939,H
H29626,H
M16245,M
M16601,M
M20807,M
L56786,L
L55982,L
L52763,L
L54345,L
L47958,L
L48836,L
L48496,L
M22642,M
L53208,L
L53139,L
L49170,L
L51588,L
M18058,M
H38000,H
M20475,M
M24719,M
L55512,L
L56847,L
L49449,L
L47792,L
M20989,M
H35165,H
L52299,L
M19447,M
L51382,L
L51373,L
L55342,L
L48706,L
M22350,M
M18541,M
L53891,L
L49001,L
M16894,M
M24381,M
L50907,L
L48663,L
L54385,L
L51851,L
L56310,L
M17346,M
M16659,M
H30117,H
M15196,M
L53315,L
L54285,L
L47748,L
L55707,L
L56874,L
L48917,L
H38812,H
L48256,L
L47502,L
L53953,L
L54380,L
L51052,L
M23988,M
L55006,L
M18048,M
M15163,M
L53421,L
M24435,M
L54261,L
L49478,L
L50120,L
L49565,L
L47303,L
L55442,L
L49766,L
M17863,M
M19147,M
L52463,L
M17851,M
L54801,L
M17736,M
L51740,L
L50030,L
M21562,M
M17926,M
M18070,M
M22032,M
M16397,M
L50597,L
L56289,L
L48027,L
L53172,L
M24079,M
M17204,M
L53042,L
L50306,L
L48588,L
L56322,L
L52079,L
L54877,L
M19751,M
M17581,M
M20809,M
M17848,M
L49588,L
L49645,L
L48409,L
M17609,M
L54921,L
L56393,L
H37181,H
M19678,M
L48638,L
L49550,L
M21304,M
L56574,L
M24112,M
M15341,M
L52206,L
L52240,L
L53122,L
L47885,L
L51622,L
L55559,L
M23040,M
L55061,L
M19695,M
L47375,L
H31629,H
L52830,L
L48432,L
L50631,L
L56364,L
M23191,M
L55199,L
M24051,M
L51654,L
M22228,M
L53076,L
M15695,M
L56495,L
L50511,L
H36889,H
M15999,M
M23786,M
M22146,M
L52070,L
L52567,L
L50263,L
L49352,L
L47278,L
L53199,L
M21213,M
L54272,L
M18256,M
H38675,H
L49087,L
M15012,M
L50216,L
L57048,L
L47529,L
H37936,H
L54014,L
L48727,L
L56204,L
L56220,L
L48812,L
L52260,L
M24668,M
M15421,M
L55384,L
L55979,L
L52882,L
M23199,M
L53984,L
L52146,L
L52954,L
M20841,M
L50603,L
L49089,L
L54326,L
L47698,L
L48510,L
M18816,M
M16866,M
M15932,M
L55589,L
L47711,L
L48798,L
L47576,L
L51963,L
L52992,L
H39290,H
L48368,L
L53335,L
M23273,M
M23629,M
M22551,M
H29560,H
L55961,L
L51518,L
L53955,L
M17902,M
M21957,M
M20448,M
L53971,L
L48589,L
L55475,L
H30365,H
L52380,L
L52889,L
M15666,M
L52168,L
L54452,L
L48157,L
M21916,M
L55420,L
M16982,M
L48894,L
L55860,L
L56712,L
M22276,M
M17739,M
L55889,L
L48328,L
L54170,L
L57146,L
L53822,L
L56930,L
L57140,L
M15136,M
L47319,L
L55975,L
H38751,H
L55603,L
L56878,L
L56345,L
M15377,M
L48231,L
L49442,L
L51562,L
L47765,L
L52329,L
L51565,L
L54515,L
L48789,L
L50365,L
L48677,L
M22082,M
M23466,M
L50445,L
M18824,M
L52162,L
L47901,L
H33908,H
M14876,M
L47892,L
L56661,L
L47314,L
L56970,L
L51441,L
L56691,L
M20257,M
M21706,M
M23275,M
M16910,M
M22124,M
M22562,M
L48956,L
L55411,L
M15674,M
L55013,L
L54388,L
M19987,M
M24348,M
L54763,L
H36453,H
L54023,L
M21888,M
L53343,L
L54004,L
L47674,L
M16081,M
L48322,L
L51242,L
L56242,L
L56218,L
M18249,M
M18068,M
L55922,L
H39254,H
L54184,L
L53162,L
L56054,L
L50660,L
L55119,L
L53818,L
L52399,L
L50969,L
L56497,L
H33333,H
M15140,M
L53616,L
L52850,L
M23288,M
L55164,L
L52821,L
M19221,M
M18846,M
L48152,L
L51068,L
L54249,L
L49855,L
L55014,L
H30936,H
H30945,H
H38857,H
M22815,M
L55038,L
L49052,L
L48632,L
M20969,M
M20198,M
M23912,M
M24468,M
M21145,M
M17382,M
M18248,M
L50996,L
L55983,L
M21261,M
L55839,L
L52140,L
L55040,L
L52153,L
L56343,L
L48641,L
L51749,L
L54783,L
M21722,M
L51022,L
L48759,L
M16560,M
L49319,L
L52722,L
H31063,H
L53256,L
L48897,L
L49191,L
L52720,L
L50698,L
L56548,L
H39063,H
L51574,L
M23615,M
M21511,M
L51108,L
H29884,H
H32914,H
L53340,L
L54265,L
L55863,L
L54536,L
L55583,L
L57035,L
L55223,L
L55819,L
M20471,M
L50574,L
L55148,L
M19056,M
M23913,M
M14963,M
L56560,L
L53282,L
M14879,M
L50049,L
L57033,L
L48218,L
M24620,M
L54248,L
M16051,M
M18795,M
L54230,L
L53015,L
H36881,H
L52368,L
L51673,L
L53845,L
H31543,H
M22794,M
L56921,L
H30008,H
L52647,L
L50755,L
L49312,L
L49257,L
L55870,L
L53255,L
M20626,M
L49984,L
H35605,H
M15522,M
M20651,M
L56638,L
L48514,L
L53565,L
M23167,M
L47854,L
L54680,L
L54826,L
L57078,L
H38338,H
L49179,L
L57161,L
M21306,M
M22402,M
M15482,M
M16449,M
L55118,L
M16202,M
L48527,L
L50175,L
H39214,H
L49224,L
H30489,H
M21461,M
L54128,L
L51840,L
L49505,L
L52728,L
M22859,M
L49051,L
M14902,M
M20389,M
L49896,L
L53900,L
M16375,M
M19269,M
L54253,L
L50553,L
M16377,M
M17696,M
L55567,L
H34929,H
L55346,L
L47897,L
M23972,M
L52355,L
L55424,L
L56298,L
L48365,L
L53240,L
L54644,L
H29424,H
H37759,H
L48864,L
H32468,H
M16836,M
L57115,L
M17302,M
L50721,L
L56939,L
L47961,L
L54951,L
L57075,L
M23929,M
H37937,H
M15588,M
L52333,L
L56947,L
M19289,M
L55726,L
L50351,L
L51769,L
M17343,M
H29767,H
H30694,H
M16056,M
L54749,L
M23654,M
M16091,M
M19980,M
M17125,M
L56672,L
L56264,L
M21090,M
L57114,L
L47534,L
M20351,M
L54499,L
M19393,M
L55386,L
L56257,L
L54673,L
H38482,H
L53689,L
L50442,L
L56739,L
L50237,L
L56894,L
M21324,M
L53949,L
L48689,L
M16272,M
L57010,L
L54820,L
H34496,H
L54773,L
L50060,L
L50604,L
H30567,H
L52169,L
L49654,L
L54666,L
M18285,M
L55230,L
L48915,L
L54746,L
L53839,L
L47752,L
L51212,L
L55213,L
L48397,L
L52976,L
L55334,L
H34772,H
L55550,L
L49448,L
L48844,L
L49365,L
L55816,L
L54576,L
L53792,L
L52366,L
L56125,L
L49351,L
M15889,M
L53437,L
L53912,L
L47407,L
L47368,L
H38235,H
M20753,M
L49937,L
L50554,L
L55281,L
L54768,L
L54811,L
M21932,M
L52414,L
L50960,L
L51231,L
L50550,L
L54099,L
M23563,M
L57126,L
M16591,M
H32504,H
L49101,L
M24781,M
L55128,L
M23975,M
L57172,L
L54813,L
H30686,H
L51222,L
L56137,L
L54651,L
M19582,M
L55345,L
L50571,L
L55194,L
M18334,M
L56452,L
L56013,L
L54709,L
L55671,L
L52402,L
M16557,M
M22250,M
M16152,M
L47470,L
L49153,L
H34607,H
L48598,L
H29466,H
M20024,M
M19317,M
L56837,L
M21821,M
L56376,L
L51628,L
H33844,H
L49010,L
L50353,L
L51132,L
L51090,L
M16441,M
M19477,M
L48800,L
H39384,H
L56160,L
M15243,M
M18665,M
M23685,M
L49813,L
M21427,M
M17107,M
M22968,M
L55064,L
L53937,L
L52147,L
M21175,M
L50336,L
L55410,L
H33781,H
L53605,L
M17146,M
L49531,L
L50702,L
M21924,M
L55361,L
L52345,L
H34220,H
L47184,L
L56498,L
M23473,M
M18951,M
M24765,M
L47773,L
L48586,L
M19005,M
M23135,M
L53041,L
M21064,M
M16903,M
L56868,L
L52007,L
M16578,M
L47395,L
L53848,L
L55780,L
H31793,H
L53175,L
M19702,M
H37474,H
L50163,L
L55851,L
L49211,L
M18872,M
L47282,L
L56552,L
L51761,L
L51765,L
L51526,L
M24689,M
M21865,M
H34128,H
L51281,L
L53920,L
L54446,L
L48366,L
L49714,L
M19312,M
L50092,L
L49719,L
L50031,L
L54209,L
L47286,L
M18379,M
L48263,L
L47284,L
L54789,L
L50722,L
M20282,M
L49940,L
L56414,L
M18425,M
L56066,L
L53666,L
L54381,L
L55146,L
L48315,L
L56221,L
L54266,L
M17890,M
L56382,L
L56843,L
L54928,L
L51831,L
L53236,L
M18926,M
H32547,H
M23146,M
L49318,L
M15805,M
L49077,L
M22383,M
L50208,L
L54037,L
H34318,H
L55562,L
L52645,L
L49401,L
L56440,L
L49651,L
M20407,M
L57093,L
L49729,L
L50342,L
L49123,L
M17327,M
L52149,L
M19810,M
M18187,M
M18981,M
L50112,L
H30648,H
M24117,M
M18156,M
L48644,L
L49450,L
L49177,L
L48331,L
M21641,M
H37958,H
L54958,L
L51267,L
M22255,M
M22559,M
L55096,L
L56266,L
M21481,M
L55319,L
L48364,L
L56457,L
L54305,L
L50142,L
M16352,M
L54990,L
L52912,L
M24142,M
L52786,L
L55591,L
M21903,M
M21638,M
M23341,M
L53963,L
M17964,M
L48722,L
L55412,L
L54619,L
L48237,L
L55791,L
L50024,L
L56602,L
L54632,L
L51826,L
M24157,M
M24119,M
L48682,L
H35640,H
L54044,L
L53287,L
L54913,L
L48824,L
L54850,L
L49393,L
L47677,L
L48520,L
M16420,M
M16691,M
L48603,L
M15538,M
L50564,L
L55073,L
H38896,H
M15404,M
M21483,M
L53685,L
M17290,M
M18013,M
L56850,L
L52762,L
M19027,M
M22862,M
L49265,L
L51717,L
L55037,L
M20655,M
L54902,L
L51818,L
L50531,L
M23689,M
M23899,M
L47285,L
M18151,M
M23128,M
L52759,L
L50043,L
L55806,L
H38867,H
M23238,M
M24465,M
M21140,M
L50178,L
L52962,L
L54220,L
L52702,L
L54521,L
M20723,M
L48010,L
L55884,L
M23153,M
L48896,L
M24777,M
L53266,L
L50516,L
M18683,M
L54034,L
M20715,M
L56540,L
L53058,L
M22671,M
L48560,L
M20649,M
M21677,M
L51657,L
L53466,L
L51896,L
L55994,L
L55962,L
L51154,L
M20261,M
L51343,L
M17809,M
L49612,L
L57117,L
L56866,L
M20108,M
L56906,L
L51585,L
L57057,L
L56532,L
L54810,L
M19093,M
L52349,L
L54049,L
L47551,L
L56086,L
L56636,L
L51313,L
M24756,M
L54204,L
L56774,L
M17248,M
L53349,L
L54461,L
L53070,L
L49594,L
M20956,M
L53942,L
L53235,L
L48962,L
L51510,L
L52706,L
L50759,L
L53987,L
L49207,L
M21765,M
L54656,L
L51324,L
L49414,L
L52141,L
L48182,L
L53126,L
L50492,L
L51364,L
M23057,M
L48840,L
L52651,L
L54488,L
M18469,M
L48440,L
L54309,L
M15835,M
H34453,H
L54561,L
L47819,L
L50085,L
M17173,M
L51816,L
M22349,M
L48647,L
L49794,L
L53404,L
M20724,M
M21758,M
L50224,L
L55686,L
H38153,H
M19878,M
L48297,L
H29891,H
L54687,L
L55001,L
L47740,L
M22762,M
L52956,L
M24095,M
M22494,M
L55184,L
M23815,M
L55798,L
M15347,M
L48396,L
L49281,L
L51452,L
L56038,L
L49840,L
L54440,L
L49446,L
L48330,L
L50242,L
L50478,L
L50519,L
L52544,L
L56836,L
H38309,H
L52006,L
M23672,M
L52237,L
M19933,M
H30751,H
L51617,L
L51149,L
L57023,L
L52751,L
L55070,L
M18662,M
L53137,L
M17261,M
L49659,L
H32278,H
M20686,M
L51377,L
L56933,L
L54337,L
H29874,H
L52807,L
M19580,M
M16617,M
L52583,L
L52287,L
L54716,L
M23757,M
M20850,M
L50084,L
L51210,L
H38574,H
L50593,L
L54477,L
L57067,L
L48462,L
L53106,L
M22749,M
L50345,L
L49324,L
L50090,L
L55900,L
L54200,L
L50165,L
M17232,M
M24309,M
M20667,M
M15008,M
L48129,L
L52694,L
L54329,L
L56130,L
L49250,L
L55527,L
L50674,L
L48892,L
L55398,L
L50616,L
L55365,L
M24721,M
L55207,L
L55126,L
L56839,L
M22809,M
L55296,L
L53945,L
L56688,L
L53519,L
L50128,L
L47359,L
L50648,L
L55659,L
H36399,H
L54256,L
L48339,L
L49998,L
L53302,L
M17801,M
H34299,H
L54493,L
M16354,M
M17353,M
L49126,L
L47991,L
H33269,H
M21223,M
L53360,L
M23678,M
M15356,M
L49044,L
L54406,L
L48983,L
L55647,L
M24190,M
L51618,L
L50221,L
L53380,L
L49533,L
H31184,H
L54957,L
M20063,M
L52125,L
L50623,L
M15191,M
L55770,L
H32049,H
L56405,L
L53134,L
L47704,L
M18724,M
L55395,L
L54704,L
L48245,L
L53790,L
M22414,M
M22611,M
M18671,M
L56261,L
L55379,L
L56317,L
L47271,L
L52735,L
L49304,L
L55046,L
L51162,L
L49604,L
L55255,L
L48815,L
L56791,L
M24608,M
L51257,L
L55054,L
L53537,L
L53693,L
L51876,L
M23803,M
L51542,L
L52231,L
L50251,L
L56367,L
L55890,L
L49876,L
M19563,M
L56862,L
L51287,L
H38791,H
M19436,M
M23194,M
H34320,H
L55016,L
L55237,L
M15023,M
L52352,L
M19822,M
M18194,M
M20749,M
L55051,L
L50457,L
L56008,L
L52879,L
L49619,L
L47330,L
L54187,L
L47381,L
L50217,L
L55130,L
L53923,L
H30669,H
L55139,L
M24370,M
M21631,M
L48363,L
L55600,L
L47390,L
M23403,M
M22451,M
L50753,L
M18147,M
M19999,M
M16963,M
L50080,L
L54146,L
L55451,L
H31595,H
M18063,M
L54386,L
M20760,M
L53046,L
L48175,L
L56236,L
L54071,L
L54781,L
L56644,L
M18682,M
M15948,M
L48140,L
M18629,M
L49195,L
M24219,M
L54138,L
M19671,M
L53427,L
L50685,L
L56467,L
L56985,L
H38191,H
L56434,L
L55391,L
M15665,M
H37231,H
L51577,L
L51481,L
L55533,L
L54341,L
H30339,H
L49818,L
L52442,L
L54626,L
L53189,L
M15648,M
L53429,L
L52360,L
L53721,L
M21435,M
L54191,L
L54218,L
H37719,H
L51940,L
M17660,M
L53830,L
M19411,M
L51830,L
L55036,L
M21704,M
L50124,L
L50243,L
L51177,L
M21662,M
L50199,L
L56912,L
L51230,L
M17247,M
L54894,L
L54255,L
L50515,L
M17864,M
L55685,L
M15307,M
L50454,L
L48777,L
L54767,L
H32897,H
M19115,M
H35085,H
L50740,L
L57132,L
L54845,L
L56741,L
L53408,L
L54924,L
L48968,L
L47643,L
L50651,L
L56848,L
L51583,L
M24538,M
L49055,L
L48961,L
M23895,M
L53896,L
M22052,M
H33815,H
L55683,L
L49530,L
M21039,M
L56901,L
L55808,L
L50186,L
L47875,L
L50193,L
M18005,M
M21859,M
L51250,L
H29957,H
L56272,L
L54259,L
M19586,M
L52157,L
L51927,L
M22286,M
M18097,M
L56293,L
L48613,L
H31734,H
L55228,L
L54759,L
L55031,L
M18454,M
M17405,M
M20697,M
M16585,M
M15583,M
L47467,L
M17892,M
L54359,L
L49228,L
L50697,L
H35511,H
M18047,M
L50361,L
L51768,L
L55598,L
L54897,L
L50646,L
H32915,H
L54839,L
L51214,L
L49315,L
M23148,M
L55627,L
L54459,L
L52886,L
L49668,L
H35187,H
L56354,L
L49342,L
L49203,L
H30675,H
L53566,L
L47955,L
L49763,L
L48526,L
L53233,L
L49605,L
L53761,L
L56394,L
L49767,L
L55088,L
L55802,L
M21906,M
L55418,L
M23133,M
L56756,L
M21710,M
L54262,L
M17483,M
L49190,L
L49434,L
L56713,L
L47209,L
L49561,L
L48573,L
M18989,M
L55858,L
L54953,L
L56793,L
M18429,M
H34329,H
H30011,H
H38784,H
M20209,M
L50299,L
M15802,M
M20248,M
L54714,L
L52596,L
L56142,L
H34582,H
M18782,M
L49220,L
M18878,M
M16273,M
L56932,L
L52422,L
M18693,M
L53719,L
H36074,H
L48077,L
H38144,H
L47453,L
M14952,M
L48562,L
L54706,L
L49920,L
L54886,L
M17481,M
L51365,L
L48286,L
L56649,L
L53071,L
L53915,L
L50039,L
M17597,M
L50668,L
M19756,M
M17646,M
M24550,M
H30574,H
L55897,L
L56779,L
L53999,L
M16342,M
L48390,L
L56766,L
L50898,L
L56962,L
M17016,M
L48309,L
L53610,L
L53674,L
M23951,M
L49922,L
L51780,L
L53396,L
L51194,L
L57013,L
H38805,H
L54757,L
L55367,L
L54999,L
L52051,L
L55165,L
M16879,M
L51285,L
L55934,L
L49295,L
M22952,M
L49941,L
L55665,L
L53659,L
M22358,M
L52657,L
L55403,L
L50338,L
L48071,L
L47688,L
L55112,L
L56881,L
L53428,L
L55630,L
M22133,M
M19072,M
M22925,M
M21948,M
L50331,L
L48276,L
L56102,L
H35096,H
L56369,L
H36877,H
L56776,L
H35789,H
L49255,L
L56202,L
M20181,M
M21522,M
L47964,L
L52027,L
L53758,L
L49513,L
L49385,L
M22067,M
L56728,L
L50370,L
H39228,H
M23200,M
M15795,M
L48050,L
H34017,H
M22419,M
M16308,M
M16136,M
L55446,L
L48831,L
L54469,L
L50797,L
L48726,L
H36152,H
L51470,L
L53771,L
L49689,L
L54101,L
L56500,L
H35632,H
L56614,L
L50280,L
L54434,L
L52444,L
M24225,M
M19755,M
L52797,L
L52252,L
L54969,L
M21445,M
H33722,H
L53312,L
M21593,M
L52044,L
H31393,H
M23686,M
L55796,L
M16098,M
H37121,H
L48854,L
L50271,L
L47396,L
L47938,L
M18913,M
L56446,L
H39274,H
L50600,L
M22876,M
L48710,L
L55694,L
M18695,M
M17624,M
L47693,L
M18687,M
M19279,M
L48754,L
L47389,L
L50458,L
H30263,H
L52774,L
L48489,L
H30151,H
H35922,H
H31090,H
L52421,L
H36303,H
L54542,L
L52965,L
L49889,L
L49523,L
L49734,L
M24299,M
L50027,L
M23114,M
L50238,L
M21349,M
M19840,M
L47388,L
L56875,L
L52999,L
L52880,L
L47325,L
M17830,M
L50291,L
L54073,L
L49344,L
M19950,M
L48090,L
L54089,L
H30501,H
L52233,L
L55293,L
L54973,L
L49079,L
L51328,L
M23396,M
M20980,M
M18716,M
M23720,M
L54950,L
H37674,H
L53957,L
L51026,L
L51633,L
L47818,L
M23377,M
L53261,L
L56328,L
M18431,M
L55953,L
M15465,M
M23763,M
L53932,L
M24846,M
L55895,L
L49512,L
L54663,L
H32714,H
L54330,L
H30739,H
H29855,H
M21174,M
L55350,L
L50731,L
L56099,L
L53146,L
L55813,L
L48984,L
L53237,L
L49202,L
M24185,M
H33131,H
L55161,L
M21665,M
M22927,M
L48943,L
M17787,M
L47618,L
M20067,M
L53572,L
M24572,M
L56607,L
L52566,L
L51286,L
L56695,L
L50181,L
M23787,M
M22739,M
L49795,L
L56487,L
L52460,L
M24409,M
L53671,L
L48545,L
L53204,L
L47783,L
H33553,H
L49135,L
L56984,L
L55122,L
L56195,L
M20910,M
L53956,L
M16252,M
H32395,H
L54724,L
M20896,M
H34592,H
M15896,M
H34229,H
M20958,M
M24071,M
L56887,L
L50071,L
L49495,L
L47738,L
M16796,M
L56724,L
L55454,L
L49390,L
L54153,L
L55169,L
L53557,L
L51169,L
L50344,L
L50447,L
L56000,L
L57038,L
L56822,L
M22982,M
L51981,L
M18655,M
L55941,L
L51620,L
M20883,M
L54863,L
L51854,L
L50860,L
L48427,L
M19782,M
M18497,M
L54929,L
H36162,H
M16399,M
H38189,H
L52437,L
M23508,M
L50579,L
L50405,L
L49978,L
L53376,L
M17138,M
L49573,L
L53655,L
L51828,L
M17749,M
L52997,L
L57157,L
L53250,L
L52127,L
L51974,L
M18743,M
L56436,L
L49585,L
M18030,M
L47993,L
L55779,L
L52340,L
H32503,H
L56294,L
M21505,M
M24683,M
H31691,H
L51898,L
L54667,L
L53530,L
L56844,L
L50465,L
L48667,L
L55456,L
L48656,L
M23048,M
M17626,M
L50873,L
L50194,L
L52984,L
L52033,L
L53668,L
H34089,H
M16034,M
M16790,M
M18119,M
L50229,L
L51442,L
L49489,L
L54919,L
L48204,L
L50482,L
H33845,H
L56455,L
M23585,M
L55973,L
L54784,L
M20194,M
L49343,L
L53016,L
L53601,L
M16582,M
L53881,L
L55239,L
L55521,L
M20394,M
L47639,L
L53413,L
M19136,M
L50095,L
L55267,L
L47692,L
M21855,M
L48404,L
M19894,M
M21288,M
H34894,H
L49071,L
L52497,L
L52443,L
L56098,L
H38493,H
L57154,L
L52201,L
H37799,H
L52131,L
L55097,L
L51086,L
L49777,L
L48743,L
L52686,L
L54168,L
M22094,M
L51517,L
H33905,H
L50943,L
L53750,L
H30743,H
L54457,L
L49692,L
M18594,M
L53934,L
L50792,L
L50247,L
H38099,H
L49475,L
L51608,L
M20000,M
L48384,L
L52223,L
M23918,M
L51404,L
H37115,H
L48888,L
M21809,M
H33575,H
L54503,L
M17938,M
M18543,M
L55610,L
L51954,L
L54837,L
L49646,L
L49657,L
M19812,M
L56781,L
L52434,L
L53102,L
M17148,M
M19478,M
L52416,L
L50509,L
L53150,L
L56559,L
L48347,L
L51682,L
L51447,L
L54668,L
L55257,L
L49095,L
L56547,L
H31983,H
M24487,M
L54395,L
L52391,L
L54229,L
L53611,L
L53637,L
H39201,H
M17464,M
L47497,L
M24644,M
M23333,M
H39392,H
L52120,L
L48715,L
L52347,L
M17053,M
H37329,H
L49349,L
L51852,L
M20383,M
L56448,L
L50810,L
H32270,H
L56385,L
L54327,L
L47610,L
L50578,L
L51531,L
L53708,L
L51885,L
M23325,M
L54121,L
L49520,L
L56131,L
L51298,L
L54752,L
L54827,L
L47972,L
M17795,M
L51202,L
L52182,L
L49451,L
M17762,M
M24321,M
M18175,M
M23009,M
L55354,L
L50202,L
H29764,H
L50307,L
L56696,L
L56151,L
L53861,L
L49831,L
M21361,M
L51427,L
M18668,M
L51718,L
M17959,M
L54819,L
M18080,M
L52492,L
M22291,M
L48332,L
L54342,L
L57133,L
L50410,L
L49417,L
L50500,L
M17028,M
M18239,M
M23209,M
L54658,L
L49308,L
M21161,M
L54828,L
M19384,M
L55198,L
L56789,L
H35319,H
L49147,L
L51203,L
L49703,L
L49275,L
M18886,M
M23839,M
M23193,M
M20061,M
H37374,H
L55080,L
L56283,L
M15988,M
H32869,H
L49317,L
M19157,M
M18065,M
L50787,L
L51641,L
L51261,L
L47784,L
L55861,L
M16634,M
M20596,M
L49661,L
L48834,L
M20519,M
M18317,M
M22472,M
M18192,M
M23187,M
L50620,L
L54195,L
M15586,M
L49642,L
L54609,L
H34199,H
L55929,L
M23208,M
L50595,L
L56533,L
L53379,L
L56572,L
M18986,M
L48241,L
M16847,M
L53400,L
L54189,L
L56787,L
L54188,L
L54674,L
L47537,L
L54371,L
M22856,M
M24031,M
L53158,L
L51227,L
L56478,L
L48232,L
L53375,L
M20085,M
L49577,L
H32020,H
L52482,L
L49942,L
M23020,M
L53310,L
M21085,M
L57160,L
M22214,M
L50599,L
L48797,L
M20317,M
M21748,M
L50015,L
L51033,L
L47805,L
L48965,L
L49172,L
H39268,H
L51716,L
L56777,L
H34338,H
L55458,L
L47705,L
L57141,L
L55708,L
L54544,L
M21355,M
L56907,L
L56366,L
L48446,L
L53893,L
L51859,L
H33816,H
L53906,L
M20954,M
L55033,L
L52605,L
H38752,H
L49544,L
H34701,H
H39169,H
L55426,L
L51890,L
M18305,M
M15929,M
L57032,L
L51159,L
L47321,L
L54577,L
M18933,M
L49789,L
M19704,M
L53407,L
H38245,H
L50558,L
L54675,L
L50169,L
L56412,L
L49956,L
L53857,L
L47493,L
L53759,L
L56146,L
L57027,L
M17688,M
L53243,L
L54267,L
L49033,L
L49799,L
M20603,M
H32866,H
L53086,L
L56334,L
M17014,M
L53894,L
H38289,H
L54052,L
L53744,L
L49708,L
L53011,L
M18618,M
M15590,M
L47924,L
L52652,L
M21134,M
H33555,H
M16884,M
M16116,M
M23225,M
L52782,L
M15535,M
L56190,L
M16795,M
L52474,L
L51653,L
L53852,L
H32300,H
M23010,M
M15803,M
L50517,L
L53487,L
H37455,H
L49578,L
M22764,M
L55757,L
L51642,L
M21606,M
M24241,M
L53169,L
L48874,L
L54474,L
L49291,L
L55297,L
L55471,L
L52594,L
M17942,M
L48723,L
H37150,H
L54946,L
M23124,M
L50236,L
L50364,L
M17104,M
M16565,M
L55452,L
M18329,M
L51793,L
M18302,M
L48488,L
L54137,L
L56575,L
L51534,L
L55402,L
L51302,L
L50592,L
L55784,L
M21750,M
L49403,L
M22030,M
M15004,M
L53809,L
H31178,H
M15279,M
L49525,L
H37757,H
M24222,M
M15415,M
L48117,L
L48316,L
L49830,L
L51836,L
L56876,L
L56911,L
L49697,L
H29921,H
L54202,L
L49194,L
L56247,L
L53773,L
M19146,M
L54649,L
L47367,L
M24724,M
M17818,M
L54612,L
M22122,M
L51567,L
L56773,L
M18677,M
L54426,L
L49519,L
L50705,L
L48756,L
L54206,L
M22688,M
M16895,M
L50824,L
M19236,M
L50106,L
M17328,M
M15755,M
M15122,M
M21318,M
L47492,L
M22076,M
L49957,L
M15488,M
M15057,M
L54047,L
L48221,L
L53364,L
L51687,L
L47668,L
H32563,H
L54908,L
M18590,M
L53292,L
L47753,L
L56216,L
H30447,H
L51293,L
M16360,M
L55077,L
L54207,L
M18120,M
M24248,M
M17563,M
M22243,M
L55571,L
M21224,M
L47499,L
L50662,L
L53550,L
L52004,L
M23195,M
H34207,H
L54966,L
L50023,L
M18666,M
M23142,M
L56507,L
M22840,M
M17856,M
M24145,M
L53660,L
M21003,M
L48385,L
L51867,L
L55599,L
L52887,L
M21626,M
L55315,L
L50690,L
L52558,L
H29885,H
L56100,L
M22332,M
M17389,M
M19030,M
L53730,L
M15768,M
L52979,L
L53916,L
H32007,H
L50497,L
L54400,L
L53027,L
L53083,L
L56122,L
L49086,L
M20552,M
L49151,L
M21927,M
L53390,L
L49218,L
L55943,L
M23647,M
L53051,L
L48484,L
M15292,M
M15556,M
L53636,L
L48063,L
M22450,M
L52023,L
M23874,M
L55748,L
L50899,L
L49509,L
M16888,M
L53442,L
L49582,L
L52978,L
L49389,L
L56301,L
L50205,L
L50869,L
L50041,L
M16341,M
L50931,L
L48945,L
M17151,M
L53651,L
L50200,L
L55640,L
L56175,L
M22145,M
L55309,L
L55233,L
L53014,L
L55075,L
M23061,M
L51146,L
L54733,L
L48266,L
H30013,H
M17033,M
L53354,L
M17080,M
L54269,L
L48564,L
M16340,M
M22922,M
M15074,M
L49169,L
L55432,L
L53132,L
H29494,H
H37984,H
H34827,H
L55263,L
M17757,M
L57052,L
L54227,L
L47884,L
M19098,M
M24058,M
L50228,L
L53777,L
M23150,M
L54271,L
H32928,H
L55850,L
L48226,L
L54586,L
L51626,L
L56838,L
L48492,L
L53135,L
H32940,H
L55374,L
L56772,L
L56509,L
L51537,L
L55534,L
L49913,L
L48739,L
L49589,L
L47455,L
L47887,L
L47334,L
L51058,L
M19251,M
L55017,L
L50223,L
H35745,H
L49730,L
L50304,L
M15838,M
L49192,L
L49690,L
M22189,M
H34175,H
L47967,L
L47437,L
M15593,M
M23751,M
M17054,M
L54553,L
L54470,L
H36466,H
L52891,L
M21123,M
M19078,M
L53600,L
L56002,L
M24174,M
L56751,L
L55852,L
M23807,M
L50972,L
M19509,M
L57163,L
M17731,M
L53904,L
L56615,L
M21904,M
L53184,L
M23164,M
L55497,L
M22546,M
L50529,L
H37290,H
L51220,L
L52475,L
M18128,M
M22239,M
L51297,L
L53960,L
L52382,L
M21585,M
L53851,L
L51010,L
L50562,L
L48464,L
L51043,L
L50868,L
L50472,L
L55906,L
M15429,M
L55807,L
L48253,L
M23368,M
L56225,L
L53433,L
L55344,L
L47593,L
L52796,L
L55544,L
L54090,L
H37143,H
M16964,M
H37328,H
L51545,L
M21264,M
L52288,L
L55838,L
L57112,L
L53062,L
L51667,L
L54527,L
L52898,L
M24788,M
L56871,L
M18052,M
M22921,M
M17455,M
L50947,L
L56673,L
L56033,L
L54065,L
L52451,L
L51137,L
L54093,L
H31890,H
L50819,L
L53434,L
M20023,M
L54905,L
M23953,M
L56368,L
H36801,H
L50122,L
L49184,L
M23117,M
L50872,L
L48153,L
M24382,M
L52712,L
M19741,M
M21178,M
H31240,H
L55885,L
L55684,L
M18828,M
M18567,M
H37537,H
L52575,L
M15569,M
L47558,L
H30474,H
L47378,L
L52744,L
L49480,L
L54847,L
L53422,L
M22770,M
L57145,L
L49863,L
L55106,L
L47472,L
H33648,H
L53231,L
M16853,M
L56922,L
M18441,M
M23722,M
M20606,M
L52949,L
M17236,M
L57071,L
M20933,M
L56593,L
M23818,M
L47518,L
L48887,L
L53225,L
L50254,L
L50968,L
H35177,H
L55758,L
L49311,L
L50203,L
L49314,L
L54751,L
H38884,H
L50742,L
L50072,L
L49271,L
M15361,M
L53182,L
L50752,L
L52612,L
L52540,L
L54300,L
H38257,H
L53098,L
M16967,M
L47977,L
M21611,M
L49983,L
H37587,H
L57122,L
L54618,L
L52195,L
M17161,M
L47691,L
H39148,H
M19461,M
L54793,L
M17521,M
L53532,L
H38233,H
L52338,L
L56718,L
H32205,H
M17333,M
L51067,L
H35963,H
M17825,M
L52608,L
L54895,L
L53901,L
L49461,L
M24596,M
L51564,L
L56073,L
M23705,M
M14869,M
M15952,M
L54939,L
M21294,M
M18293,M
L53690,L
H38406,H
L53394,L
L51408,L
M18840,M
L50882,L
L52370,L
L50778,L
L51262,L
M16054,M
L55509,L
L56180,L
L50896,L
H31898,H
M16956,M
M16103,M
M18699,M
L53648,L
M24437,M
M17973,M
L56115,L
L56404,L
M22245,M
L56727,L
L47936,L
M22550,M
L51407,L
L50606,L
L53472,L
M22072,M
M18758,M
L47403,L
M22016,M
L50596,L
M20650,M
L57018,L
L50530,L
L49903,L
L48938,L
M20481,M
M23774,M
L48587,L
L55797,L
L49502,L
L54654,L
L53453,L
L49562,L
H37469,H
L50621,L
L51420,L
L56612,L
L54920,L
H36284,H
L53505,L
L56062,L
H31524,H
L56941,L
L52752,L
M20138,M
L56223,L
L47874,L
L53432,L
L48865,L
L55025,L
M22992,M
H34311,H
L50816,L
M23708,M
L49838,L
M20373,M
L54307,L
M16145,M
L49040,L
L48868,L
M17227,M
H33390,H
L48223,L
L54519,L
L51426,L
L53478,L
L52101,L
L54915,L
L50376,L
L56047,L
L49976,L
L50384,L
L50644,L
H32537,H
L53290,L
M22418,M
L47397,L
H33323,H
L50611,L
L51314,L
L54358,L
L54715,L
M22352,M
M16393,M
L53947,L
M20275,M
L53583,L
L50474,L
M18563,M
L48751,L
L54963,L
L55845,L
M17819,M
M17735,M
L52184,L
L54145,L
M16743,M
M20396,M
L48807,L
L51911,L
L57061,L
L55914,L
M21284,M
M24552,M
L48512,L
L50354,L
L48254,L
H33341,H
L48752,L
L48685,L
L51023,L
L47672,L
L54797,L
L48542,L
L53482,L
M24410,M
L51252,L
L56747,L
M18523,M
L56700,L
L50688,L
H38043,H
H30318,H
L53764,L
H31817,H
H35707,H
L54192,L
H36821,H
M17426,M
L49235,L
L49845,L
L55435,L
L54782,L
L57118,L
L48640,L
L49322,L
L55557,L
L49003,L
M21660,M
L49739,L
M18373,M
L48453,L
M22576,M
L50590,L
M19544,M
M19385,M
L50661,L
L56816,L
M24346,M
L51675,L
L48323,L
L51746,L
L49328,L
H32254,H
L47905,L
L52715,L
L53778,L
L49247,L
L56991,L
L53322,L
L49586,L
L47701,L
L50235,L
L55253,L
L47465,L
L56470,L
L55976,L
L55480,L
M20589,M
L51597,L
M22667,M
H36292,H
L51669,L
H31719,H
H33772,H
L56217,L
M23246,M
L55305,L
L53939,L
L55206,L
L47832,L
L56096,L
L55981,L
L48994,L
L51462,L
M22288,M
L52745,L
M22476,M
L55829,L
L56961,L
M17096,M
L50921,L
L48820,L
L51219,L
H36880,H
M20456,M
L51322,L
L54571,L
M16231,M
L50837,L
L50890,L
L56719,L
L53423,L
L50412,L
H36081,H
L53056,L
L53701,L
L54104,L
L56987,L
M18598,M
L53540,L
L54833,L
L56421,L
M18079,M
L51483,L
L51397,L
L57043,L
L52573,L
M16444,M
L54955,L
M21193,M
L48525,L
L50062,L
M17940,M
L54755,L
L50475,L
L48228,L
L51649,L
L52815,L
L55820,L
L53986,L
L52746,L
L54382,L
M23846,M
L53489,L
L49412,L
M20616,M
L55977,L
M16886,M
L56085,L
L50190,L
L51742,L
L52543,L
L56974,L
L54166,L
H31567,H
M20638,M
L54766,L
M16294,M
M21807,M
L47371,L
L54447,L
L47721,L
M21937,M
L50054,L
M19720,M
M19428,M
L48422,L
L49630,L
L55641,L
L51100,L
H29684,H
L47837,L
L47548,L
M18821,M
L49593,L
H32920,H
L50204,L
L55268,L
L56790,L
L48345,L
M19879,M
L51053,L
M19191,M
H37524,H
L56493,L
L48705,L
M21971,M
M17237,M
H34799,H
L53113,L
L49724,L
L55968,L
M15804,M
L54860,L
M21465,M
H36377,H
M16368,M
L50891,L
L54264,L
L47231,L
L54056,L
M21516,M
L47360,L
M16658,M
L49745,L
L55295,L
L56857,L
M15664,M
L56111,L
L55635,L
L52967,L
L54971,L
M24676,M
L52784,L
M22229,M
L52648,L
L55915,L
M16158,M
L49900,L
L54051,L
L51994,L
L49627,L
L48576,L
L50708,L
L48903,L
M20620,M
H34019,H
M19344,M
L54123,L
L55817,L
M15054,M
L53418,L
M14906,M
L56314,L
M15455,M
L55715,L
L48852,L
L52959,L
L52627,L
L53474,L
L54045,L
M21583,M
L54700,L
M17018,M
L51631,L
M22316,M
L55125,L
M17003,M
M17574,M
L49073,L
M23613,M
L52239,L
L49986,L
H30130,H
L54791,L
L57144,L
L55840,L
L47635,L
H37496,H
M18004,M
H29441,H
M20543,M
L54581,L
L54564,L
L51835,L
L48747,L
L47445,L
L56379,L
L54181,L
L50334,L
L57025,L
M17748,M
M21756,M
H29432,H
L53496,L
L50902,L
L54140,L
M15095,M
M24535,M
H30148,H
M24369,M
M18364,M
L55679,L
L55664,L
M15851,M
H33087,H
L55903,L
M18084,M
L55729,L
L49292,L
L54543,L
L48499,L
H31076,H
M18268,M
L49372,L
M21077,M
L48395,L
L52326,L
M19984,M
L53713,L
M23418,M
M17108,M
L56680,L
M16739,M
M24143,M
L55790,L
L49539,L
H33834,H
L50283,L
L48708,L
H34081,H
L49273,L
L52099,L
L51904,L
L51374,L
L51473,L
L54215,L
L52166,L
L49497,L
L47507,L
M22614,M
L47206,L
L52857,L
M21858,M
M24302,M
L52419,L
L50207,L
H35709,H
L49935,L
L47566,L
L54097,L
M15431,M
L51290,L
L49082,L
L52012,L
M21192,M
L50913,L
L55429,L
L49131,L
M17121,M
L55751,L
H34485,H
L48757,L
L53676,L
L48224,L
L47673,L
M24659,M
M23130,M
L50889,L
L47498,L
H37108,H
L47789,L
L56302,L
L50720,L
H32055,H
L52704,L
M24257,M
L52315,L
L56833,L
M18484,M
L56030,L
L55123,L
M22411,M
L51060,L
H29595,H
L50393,L
L56203,L
L56685,L
M24739,M
L53151,L
M19019,M
L52628,L
L50647,L
M15699,M
L49928,L
L53859,L
L48261,L
M20805,M
L56938,L
L54788,L
L53944,L
L47981,L
M24166,M
L48443,L
M24089,M
L53131,L
H37882,H
L47891,L
M21701,M
M23651,M
L54533,L
L51822,L
L51586,L
L49607,L
M21623,M
L56387,L
H36610,H
L48445,L
L56072,L
L53447,L
L47925,L
M15714,M
M15111,M
L52708,L
L54901,L
L48318,L
L51700,L
L53446,L
L55699,L
L49880,L
L54878,L
M17862,M
L50783,L
H29949,H
H33666,H
M21877,M
L53128,L
L48646,L
M18591,M
M24717,M
M15557,M
L54495,L
L49750,L
H31096,H
M23890,M
M18193,M
L49601,L
L55019,L
L55560,L
L54530,L
M23964,M
L53620,L
L55216,L
L56515,L
L52870,L
M16979,M
L48849,L
L49810,L
M20321,M
H30141,H
M15591,M
L50617,L
L54029,L
L49053,L
L51625,L
H35389,H
M24697,M
L47821,L
L48833,L
M20385,M
L49879,L
L56181,L
L52785,L
L51962,L
M19798,M
M15427,M
L51119,L
L47305,L
L49706,L
L50288,L
L54685,L
M20183,M
L54976,L
M20330,M
L55548,L
L54162,L
L53210,L
M23481,M
L50363,L
L52973,L
M20608,M
M20417,M
H31260,H
L48487,L
L50415,L
L56975,L
M22663,M
H38015,H
M17256,M
M17763,M
M22669,M
L51017,L
L56116,L
L50374,L
L54356,L
M19014,M
L50420,L
M22963,M
L49094,L
M16101,M
H38499,H
M21577,M
L50989,L
L56888,L
L47644,L
H30102,H
L55298,L
L50928,L
M24019,M
L56503,L
L56375,L
M16236,M
L53336,L
L51623,L
M16692,M
L47459,L
M15154,M
H37206,H
L54592,L
L52767,L
L47527,L
M24580,M
L52939,L
L56158,L
L49409,L
L51841,L
L50876,L
L55375,L
L49243,L
L51266,L
L53878,L
M20414,M
L52401,L
M18372,M
L52430,L
M16333,M
M24229,M
M23664,M
L51850,L
M22801,M
L55518,L
M20043,M
M22376,M
L51595,L
L54212,L
L54250,L
L48400,L
L50827,L
M22597,M
M22015,M
M20588,M
H32870,H
H29635,H
L48381,L
M21433,M
L49902,L
M14921,M
L55181,L
M20173,M
L55306,L
M15281,M
L50615,L
L56260,L
M22301,M
L51681,L
M19346,M
L54554,L
L50459,L
M16262,M
L55409,L
M20901,M
M21860,M
L49438,L
L54765,L
H31666,H
L50462,L
L55279,L
L51638,L
L53756,L
L50627,L
L53975,L
M17869,M
L48458,L
L55668,L
L49954,L
M22687,M
L48730,L
L54671,L
L55483,L
M17056,M
L49060,L
L52977,L
L52284,L
M15333,M
L49699,L
L56598,L
M23233,M
L51088,L
M17338,M
L53321,L
H39163,H
M15737,M
L56917,L
M22307,M
M15226,M
H37175,H
M24672,M
M17473,M
L50401,L
L51117,L
L54280,L
M23110,M
L55604,L
L50489,L
M16215,M
L49959,L
L54074,L
L47301,L
L52822,L
L53099,L
L49096,L
M22096,M
M19403,M
L47813,L
L54697,L
L56427,L
L56536,L
L52533,L
L48235,L
L53030,L
M22337,M
L52682,L
L55496,L
L56381,L
L50253,L
M24447,M
H31191,H
L48179,L
L49867,L
L47940,L
L53682,L
L47810,L
L47486,L
M23821,M
L54978,L
L52271,L
L55211,L
M14884,M
L56090,L
M24363,M
L56646,L
L52488,L
L48602,L
L52938,L
L48361,L
L49776,L
H30252,H
L55542,L
L48591,L
L55918,L
M17095,M
L48343,L
M22889,M
L53797,L
H32083,H
L55573,L
M21447,M
L51179,L
L54171,L
L49989,L
M18236,M
H35461,H
M21257,M
M24636,M
L51344,L
M24403,M
L49469,L
M20149,M
L55357,L
H35124,H
M22020,M
L51410,L
M23272,M
L47416,L
L49850,L
L50335,L
L50634,L
L51956,L
L52189,L
L49366,L
M19743,M
M23639,M
H31966,H
H37132,H
M23843,M
M19484,M
M22293,M
L55416,L
L55138,L
L51399,L
L50220,L
M23908,M
M17713,M
L52842,L
L52016,L
L51446,L
L54961,L
L49800,L
L55874,L
L53074,L
L53367,L
M24350,M
L54000,L
L53802,L
M23697,M
L55580,L
L54848,L
M16302,M
L56383,L
H32534,H
L47847,L
M17893,M
L50535,L
L48846,L
L56948,L
L48867,L
L53147,L
M23350,M
M20227,M
L51590,L
M22055,M
L52950,L
M15766,M
M24687,M
M20538,M
L56771,L
L50192,L
M19238,M
L51792,L
L50766,L
M22520,M
L53820,L
M19847,M
L55071,L
M16062,M
L54020,L
L49907,L
L57053,L
L50525,L
L57015,L
H30525,H
L48901,L
L53484,L
L56018,L
L53694,L
M16139,M
M16370,M
L54365,L
L57107,L
L48803,L
L50552,L
L52224,L
M15227,M
M15645,M
L51645,L
L54235,L
L55417,L
L49076,L
M19825,M
L49853,L
L47317,L
L49748,L
M16447,M
H38295,H
L48141,L
L56924,L
M18082,M
L55950,L
M21829,M
L48274,L
L49209,L
L56410,L
M15506,M
L52915,L
M21565,M
L50747,L
H38582,H
L55805,L
L52917,L
M21189,M
L50640,L
M19356,M
H35717,H
L52748,L
L56647,L
H34959,H
H39206,H
L49244,L
M20295,M
L47296,L
H36984,H
L47299,L
L48493,L
L55815,L
L51241,L
L54355,L
M18362,M
M18055,M
L49747,L
L53865,L
L56089,L
L48996,L
L55737,L
M14918,M
L53752,L
L51714,L
L54361,L
L56910,L
M22024,M
M16335,M
H32467,H
M21363,M
M16523,M
L49860,L
M21006,M
M18904,M
M17958,M
M21456,M
H31904,H
L47505,L
L54753,L
L50470,L
L53908,L
L53470,L
L47535,L
M16135,M
L49566,L
L51966,L
M22598,M
H37697,H
L53491,L
L47660,L
M24351,M
M21254,M
L52986,L
L50763,L
L53709,L
L53890,L
L56145,L
L50879,L
L49854,L
L52684,L
M19283,M
L52541,L
M19761,M
L48890,L
L54367,L
H37133,H
L56753,L
L53303,L
L50834,L
L52334,L
L49655,L
L53727,L
L55835,L
H35513,H
L53430,L
L51915,L
L54315,L
M21455,M
L55760,L
L54481,L
L53306,L
L51039,L
L56016,L
M19587,M
L47647,L
L50992,L
M18448,M
L57098,L
L48160,L
L53741,L
L53082,L
M19955,M
L55538,L
L48973,L
L47251,L
H33160,H
L54497,L
M20467,M
L50017,L
M24397,M
L55369,L
L54998,L
M22092,M
L54717,L
L51920,L
L53560,L
L50821,L
M24070,M
L56407,L
L51105,L
L50979,L
L50064,L
L50582,L
L51183,L
L54854,L
L52633,L
L56425,L
M15364,M
L51428,L
L55619,L
L50100,L
M24547,M
L49696,L
L49951,L
L54537,L
L49042,L
L50781,L
L50034,L
M19389,M
L51025,L
L48733,L
L49021,L
L51175,L
H33769,H
L53260,L
L56591,L
L54994,L
L51215,L
L54562,L
M19103,M
L50392,L
L49310,L
L47671,L
L51650,L
H29712,H
L52173,L
M17967,M
L48645,L
L56488,L
L54407,L
L53358,L
L53606,L
H33271,H
H33758,H
M15566,M
M22390,M
L52841,L
H29481,H
L50127,L
L56022,L
M19767,M
L56599,L
M19733,M
L48257,L
L55898,L
M20421,M
M15867,M
L51508,L
M16506,M
H35397,H
L47304,L
H34909,H
M24648,M
L47658,L
H32368,H
M16856,M
M16816,M
M23759,M
L47402,L
L49146,L
L54368,L
H37338,H
M21564,M
L50741,L
M21325,M
M22342,M
L54231,L
L47430,L
L51412,L
L51283,L
M19264,M
L49781,L
H39098,H
L50967,L
M19148,M
M22212,M
L55113,L
L56291,L
M15994,M
L51485,L
L50397,L
L55587,L
L52417,L
M17071,M
L50607,L
L51601,L
L54228,L
L52740,L
L52696,L
L57006,L
L53633,L
L48049,L
L47881,L
H36416,H
L53855,L
L53760,L
H30208,H
H32059,H
M22424,M
M18547,M
L54648,L
M19916,M
H30001,H
L49674,L
H33580,H
M21468,M
L50408,L
L55582,L
M20090,M
M23628,M
L47851,L
L50716,L
L52571,L
L52505,L
L54157,L
L47730,L
H38231,H
L47212,L
M23886,M
L50432,L
L53148,L
L52372,L
L53707,L
L54855,L
L56124,L
L55467,L
H37106,H
L48310,L
M23389,M
L53663,L
M19179,M
L56800,L
L53107,L
M15123,M
M18691,M
M24474,M
L50765,L
L50314,L
M22811,M
L47712,L
L50491,L
M17235,M
L52783,L
H36556,H
L47297,L
L49117,L
M19694,M
L48406,L
M22277,M
L55092,L
L50164,L
L48080,L
L51453,L
M21804,M
M20316,M
M21678,M
M21406,M
L51362,L
L52048,L
L56936,L
L50666,L
M24108,M
L57047,L
L55238,L
M19113,M
L49232,L
M20212,M
M18419,M
H30676,H
H36895,H
M21726,M
M22262,M
H33197,H
H31197,H
M23806,M
M15192,M
M16361,M
M16392,M
L49961,L
M22143,M
L53185,L
M17482,M
L49435,L
L53622,L
L50119,L
M21144,M
M21831,M
L56705,L
M17647,M
L52960,L
L56064,L
L49085,L
M15907,M
L53247,L
L53527,L
L48299,L
L54278,L
M19443,M
L56278,L
L56070,L
L50822,L
L48559,L
L49341,L
L55721,L
L54988,L
L56669,L
H30815,H
L52194,L
L47617,L
L52332,L
L53297,L
L56150,L
L48004,L
L53166,L
H31564,H
L48183,L
M18384,M
H32781,H
H39180,H
L52805,L
M18114,M
L48265,L
M19816,M
M22363,M
M24803,M
L55300,L
M22857,M
L47615,L
L53529,L
L53351,L
M16105,M
L52995,L
L53846,L
M18759,M
L51349,L
M18778,M
L52285,L
L52551,L
L52190,L
L48112,L
H35660,H
L53996,L
M24336,M
L53245,L
L56587,L
L52930,L
L51458,L
M17972,M
L52404,L
L56313,L
M17661,M
L50754,L
L53670,L
M23808,M
L51703,L
L52723,L
M19454,M
M14972,M
L55227,L
M16931,M
L52316,L
M17598,M
M22620,M
L50830,L
L52471,L
H39314,H
M23210,M
M18375,M
L54112,L
M24097,M
L54135,L
L51787,L
L56021,L
L50282,L
L55499,L
L48251,L
M23612,M
L47616,L
M20748,M
L50560,L
L54967,L
L52144,L
L49924,L
M20049,M
L47503,L
L54690,L
L50870,L
M24510,M
L54914,L
L54982,L
L52234,L
M22023,M
L52884,L
M18589,M
M21491,M
H39009,H
M21364,M
L55633,L
L56621,L
M16097,M
M22839,M
L56869,L
L48755,L
L54607,L
H35323,H
L50014,L
L51992,L
L56332,L
L48342,L
H36750,H
H29857,H
L50656,L
L48531,L
L50658,L
L51778,L
M22097,M
L49908,L
M19851,M
L54053,L
H34780,H
L49335,L
M23706,M
M18339,M
L47895,L
L49843,L
L48271,L
L47834,L
L56327,L
L52834,L
L57004,L
L52412,L
L49264,L
M15660,M
M15142,M
M18051,M
M20908,M
M21922,M
L53864,L
L53448,L
H36565,H
H39069,H
L48808,L
L51825,L
L53283,L
M21195,M
L50927,L
L53558,L
L55438,L
L47413,L
H38064,H
L54015,L
H30313,H
M21194,M
M18545,M
L49694,L
M17478,M
M17275,M
M22333,M
L56321,L
L47410,L
L50240,L
H36736,H
M23921,M
M17978,M
L48941,L
L55280,L
M15711,M
M24124,M
L54349,L
L56782,L
M23670,M
L55891,L
M15280,M
L51277,L
L56926,L
L53978,L
L53757,L
L56551,L
L47762,L
L56603,L
L55871,L
M18969,M
L56827,L
L54589,L
M16830,M
L50038,L
M18755,M
H37691,H
L51779,L
M17605,M
H34580,H
H36467,H
L48718,L
M24593,M
L55646,L
L55631,L
H39385,H
H38893,H
M18584,M
L56307,L
L52874,L
M18581,M
L50802,L
L49756,L
L52283,L
L47471,L
L54764,L
H39284,H
L48771,L
L52155,L
L51390,L
M16396,M
L51555,L
M23914,M
M23798,M
L55901,L
L50276,L
H37706,H
L49486,L
L56489,L
L50677,L
L55004,L
L53736,L
M24395,M
L53936,L
L55373,L
M16088,M
L56076,L
L51624,L
L52726,L
L49188,L
M23745,M
L54843,L
L55578,L
H29462,H
L51572,L
L53814,L
L53619,L
L49710,L
L56919,L
M20083,M
L52218,L
M24442,M
H31770,H
L53100,L
M24244,M
L51551,L
L50807,L
L49125,L
M19296,M
L47444,L
L51454,L
L49460,L
H33529,H
L47270,L
L55988,L
M23356,M
M21639,M
L50657,L
L53001,L
L51327,L
L56684,L
M17947,M
L51460,L
M23529,M
M24111,M
L47898,L
L53296,L
M15270,M
L50137,L
L55795,L
L49463,L
H34696,H
L53217,L
L54139,L
L55687,L
L47187,L
L53732,L
L53459,L
M14923,M
L54443,L
M20699,M
M24298,M
L50311,L
M16130,M
L56923,L
H35932,H
L52610,L
L47997,L
L48326,L
L54284,L
L51862,L
M16460,M
L50257,L
H31901,H
H38145,H
L54832,L
L53902,L
L48537,L
M18108,M
M15656,M
L55810,L
L51475,L
L49154,L
L53621,L
L51316,L
M19237,M
M22273,M
H34462,H
L52555,L
L54333,L
L51810,L
L53590,L
M21605,M
H31036,H
M22401,M
M17667,M
L47878,L
L50498,L
L51112,L
M20459,M
L55431,L
M17324,M
L47255,L
M23979,M
M21883,M
M19897,M
M19571,M
L55892,L
M19041,M
L47894,L
M22654,M
M21905,M
L50252,L
L53547,L
H35028,H
H35930,H
L52197,L
M17124,M
H29997,H
L52394,L
L50718,L
L51165,L
H32573,H
M22079,M
L54302,L
M17384,M
M16600,M
L53853,L
L49731,L
M17690,M
H34913,H
L56513,L
L55299,L
L47235,L
M16073,M
L48889,L
M23667,M
L48507,L
H38549,H
L52449,L
L52904,L
L52764,L
L54063,L
M20528,M
M24057,M
M24783,M
M15993,M
M23180,M
M24677,M
M19841,M
L47793,L
L51237,L
L53766,L
L54438,L
M21414,M
M17575,M
L48106,L
L52143,L
L55388,L
L48180,L
H31066,H
H39125,H
L54081,L
L48054,L
L51764,L
M23640,M
L56895,L
L47602,L
L53049,L
M21329,M
L52313,L
L56514,L
H30341,H
L49596,L
M21221,M
M17758,M
L55569,L
M23505,M
M22501,M
L48092,L
L56490,L
L53118,L
L47308,L
H37009,H
M19068,M
M15369,M
L51612,L
M22573,M
L54082,L
L54748,L
M19541,M
L56413,L
L49397,L
L53794,L
L49797,L
M23004,M
L49723,L
M20039,M
L47366,L
M16079,M
M19250,M
L51757,L
L49467,L
H39136,H
H35636,H
L54158,L
H34770,H
M16484,M
L48211,L
L56758,L
L52576,L
M22165,M
L49196,L
L50486,L
L51733,L
M19552,M
L50784,L
L51424,L
M15018,M
L56606,L
L54183,L
L53722,L
L54910,L
H30335,H
H38756,H
L47728,L
L47239,L
L50179,L
L52847,L
M24763,M
L54903,L
M18906,M
L49828,L
H31072,H
M15767,M
L53849,L
L48497,L
M24492,M
L51677,L
L47428,L
H32554,H
L47579,L
L49383,L
M17833,M
L53197,L
L52639,L
L49805,L
L50929,L
L56931,L
L49558,L
L53868,L
H35787,H
M18661,M
L56406,L
L50099,L
L47357,L
M17672,M
L49761,L
L51401,L
M22129,M
M19930,M
M17079,M
L54113,L
L54930,L
L47970,L
H35424,H
M21827,M
L49474,L
L50149,L
H35197,H
L50746,L
L56484,L
L48392,L
L53898,L
M23777,M
M19938,M
L49859,L
L51278,L
M17683,M
L50713,L
L51910,L
L55320,L
L54835,L
L49402,L
L54319,L
M18856,M
L51953,L
L56716,L
H30685,H
M18767,M
M18493,M
M20902,M
M24786,M
M17567,M
L56043,L
L53414,L
M16052,M
L47835,L
L54518,L
M17684,M
L50594,L
L47309,L
L53646,L
L48194,L
L50689,L
H36448,H
L47391,L
L53870,L
L51908,L
L49623,L
L54640,L
M21708,M
L53640,L
L56698,L
L48008,L
M22258,M
H30005,H
M22423,M
L53101,L
L55494,L
L54617,L
L47484,L
M23560,M
L47452,L
M15913,M
M15509,M
L53435,L
L53704,L
L47300,L
L48893,L
L52738,L
L54357,L
L50231,L
L56156,L
M16232,M
L49272,L
M20069,M
L52108,L
L56306,L
L50443,L
L48424,L
M21656,M
L55732,L
M24122,M
L54830,L
L53383,L
M15738,M
L47598,L
L49624,L
L52833,L
L55217,L
L50738,L
L49769,L
L49814,L
M23977,M
M18903,M
M17221,M
L49375,L
L54018,L
H32689,H
M23266,M
M24722,M
L51348,L
M21735,M
L51856,L
M20755,M
L54320,L
M24701,M
L55406,L
L52559,L
M21142,M
L51403,L
M24735,M
M17190,M
H32876,H
L55100,L
L51886,L
L47641,L
L52669,L
M22706,M
L51762,L
L53911,L
L50484,L
L49757,L
H34790,H
L49065,L
L52835,L
M21251,M
L47933,L
M20918,M
L47648,L
L48673,L
L51923,L
M18265,M
L55907,L
L47340,L
M24042,M
M22526,M
M21657,M
L51615,L
M24725,M
M16184,M
L51282,L
L51728,L
L56828,L
H29525,H
M18294,M
L50847,L
L49864,L
L50825,L
M24584,M
L56114,L
L54281,L
L55009,L
L55510,L
M17234,M
L51882,L
H39043,H
L48530,L
L52998,L
H34769,H
M22368,M
L52180,L
M17459,M
M24053,M
L55730,L
L47384,L
H37508,H
L47567,L
L54410,L
L51443,L
M23276,M
M18694,M
L50147,L
L55352,L
M21843,M
M15562,M
M24245,M
L53201,L
L56365,L
L48238,L
L51691,L
L55841,L
L53387,L
H35550,H
M19680,M
M23620,M
M23380,M
L54861,L
L57128,L
L54216,L
M16752,M
M20689,M
M20561,M
M17527,M
L50577,L
M18038,M
L53458,L
L53262,L
M24334,M
L54286,L
M23643,M
L49753,L
M19524,M
L56335,L
L54774,L
M15194,M
L48735,L
M20449,M
M23684,M
M20529,M
L53048,L
L50638,L
M21962,M
H30515,H
L50629,L
L55168,L
M23008,M
L54727,L
L52008,L
L48046,L
H33750,H
H32553,H
L52361,L
M15822,M
H33298,H
L52951,L
L47262,L
L47438,L
L55363,L
L56854,L
M22812,M
H30103,H
M22040,M
L53003,L
L54925,L
M17783,M
L51655,L
L52002,L
L49285,L
L53419,L
L51061,L
L50762,L
L51697,L
H35313,H
L47295,L
L52068,L
M16590,M
L50965,L
M23216,M
L53714,L
M20303,M
L56325,L
L50160,L
L50850,L
L49574,L
L51484,L
L54558,L
L50174,L
L52484,L
M23676,M
M16489,M
H36243,H
L49832,L
L48827,L
M18830,M
L52139,L
L49665,L
L53699,L
L56039,L
L49245,L
L54374,L
L52990,L
H35110,H
M19117,M
L52500,L
L49792,L
H33404,H
L48633,L
L49368,L
M21478,M
L48989,L
M23618,M
H39262,H
L48554,L
L48118,L
M21004,M
L50624,L
M18104,M
L57005,L
L53115,L
L56067,L
L53895,L
L52845,L
L52005,L
L55768,L
L51967,L
M23088,M
M23373,M
M24337,M
L51318,L
M19080,M
L51634,L
L48599,L
H37712,H
M16510,M
L47575,L
L54979,L
L53662,L
L56049,L
L51513,L
L55414,L
L56133,L
M23323,M
H30814,H
L47436,L
H35912,H
H38176,H
L56942,L
L47625,L
H32414,H
H33912,H
L47944,L
M15249,M
L51416,L
M17554,M
L49518,L
M22789,M
M24423,M
M18470,M
L50013,L
M15388,M
H30570,H
L52819,L
M21360,M
L48220,L
L47220,L
L48997,L
H32557,H
L51566,L
L54011,L
L55936,L
L54778,L
M23773,M
L51652,L
L53004,L
M21132,M
L55091,L
L51643,L
L55045,L
M19457,M
L52993,L
H33150,H
L48908,L
M19213,M
H33761,H
M18387,M
M23265,M
H36710,H
L47461,L
M21681,M
L52655,L
M17935,M
M16074,M
L47522,L
L56473,L
L54545,L
L50650,L
L53008,L
L52966,L
M20932,M
L56628,L
M21226,M
L51760,L
M24849,M
L48544,L
L52922,L
L52557,L
M21687,M
L47962,L
L56817,L
L51759,L
M16243,M
M16213,M
H38801,H
L47655,L
L54804,L
L48714,L
M23760,M
M17215,M
M15919,M
L55787,L
M22607,M
L49968,L
L51528,L
M20700,M
L53988,L
L54489,L
L53539,L
L48325,L
L55372,L
L49013,L
L56027,L
M15923,M
L56811,L
L55269,L
L51299,L
L55032,L
L56898,L
L52749,L
L54524,L
M16270,M
L48198,L
L53493,L
M22184,M
L50007,L
M23390,M
H35949,H
L50446,L
M15363,M
M24481,M
L54868,L
L53535,L
L52425,L
M23553,M
L56699,L
M24098,M
L49816,L
M17955,M
L49993,L
L51417,L
L50700,L
L52047,L
L55308,L
L47634,L
L52175,L
L49856,L
M20974,M
L52450,L
L49212,L
M21878,M
L53417,L
L48534,L
H36474,H
L51540,L
H30849,H
L53808,L
H30863,H
H37371,H
L48612,L
M20771,M
L56147,L
M17366,M
L49936,L
L53039,L
L54433,L
H35803,H
M20095,M
L50892,L
L54424,L
L51054,L
L50639,L
H39297,H
L49590,L
M24310,M
M21607,M
M17834,M
L52483,L
L56798,L
L49236,L
L55219,L
H34298,H
L55231,L
M16030,M
L52832,L
L50285,L
L49122,L
L55313,L
L50978,L
H31176,H
L51935,L
L53244,L
L51800,L
H35414,H
H33279,H
L47363,L
L53586,L
L55134,L
M18783,M
L51568,L
H35945,H
M22923,M
L56694,L
M19709,M
L48370,L
L54992,L
L51969,L
L57036,L
L51706,L
L56451,L
L48650,L
L50435,L
L47345,L
M18995,M
L56213,L
L55952,L
M22460,M
L54332,L
L55843,L
L51182,L
L52254,L
L52777,L
L56796,L
L49364,L
L55285,L
M22863,M
L53436,L
H35578,H
L47948,L
M18656,M
M19546,M
L47696,L
H38860,H
H38754,H
H35862,H
H31016,H
L48773,L
H38258,H
L53365,L
L52871,L
M19610,M
L52221,L
M24785,M
L48813,L
L55332,L
L52688,L
L56815,L
L48474,L
M18905,M
L54276,L
L52802,L
M21590,M
L48900,L
M22148,M
L52600,L
M23413,M
M16193,M
L51236,L
L48823,L
L47221,L
L52080,L
L56722,L
L47553,L
M19974,M
L54511,L
M18028,M
M23683,M
M18535,M
M21551,M
L48793,L
M21487,M
L55989,L
L48966,L
M18531,M
L55696,L
L51082,L
L51168,L
L53331,L
L54818,L
L49140,L
L53746,L
H37573,H
L47339,L
H39334,H
L48311,L
L48577,L
L51656,L
L54245,L
L53824,L
M22339,M
L51921,L
M15480,M
L48785,L
L49754,L
L47466,L
M17771,M
L50009,L
M24207,M
L56108,L
L50330,L
L53352,L
M18837,M
M15740,M
L56949,L
M17836,M
M15706,M
L49306,L
M22375,M
L49953,L
L49381,L
L52685,L
L55764,L
M21697,M
L49413,L
L50871,L
M21648,M
L52244,L
H34357,H
L54067,L
H29581,H
L56471,L
L49688,L
L57046,L
L55705,L
M22996,M
M21283,M
M23483,M
L55549,L
L54960,L
M18524,M
M20682,M
L54808,L
L48847,L
L53031,L
L51648,L
H31721,H
L49437,L
L54523,L
L50669,L
L56679,L
L49650,L
M17050,M
M21496,M
M22800,M
M15252,M
M16332,M
L47809,L
M18026,M
H39018,H
L49488,L
L48205,L
L47240,L
L54222,L
L56759,L
L55763,L
M22470,M
L57148,L
H39199,H
L51486,L
M22752,M
L52114,L
L52772,L
L48495,L
L48990,L
M17086,M
H29990,H
L47205,L
L51056,L
L55079,L
L55650,L
L49727,L
L50070,L
L55823,L
M19287,M
M21856,M
L47825,L
L53063,L
L55387,L
L52465,L
H38280,H
H30850,H
H35475,H
H35377,H
L55609,L
L50502,L
M23338,M
L51471,L
L53518,L
L52537,L
H31483,H
M15827,M
M18269,M
M16764,M
M23035,M
H37494,H
M21814,M
L50572,L
H35802,H
L53965,L
L55789,L
L52379,L
L49878,L
L53353,L
L57022,L
M15268,M
L56769,L
L48922,L
L48610,L
L47806,L
M16928,M
H37244,H
L51018,L
L50317,L
L48203,L
L51901,L
L50450,L
H34804,H
L55909,L
L54450,L
L56674,L
L48302,L
L55197,L
L51651,L
L50241,L
M17686,M
L49528,L
H36507,H
L55052,L
L50655,L
L50602,L
L47902,L
M21464,M
L50950,L
M21319,M
L49088,L
H32655,H
H33276,H
L53941,L
L49145,L
M16938,M
M19525,M
L48855,L
L55526,L
L48631,L
L55047,L
L50776,L
L55111,L
H31219,H
L49890,L
M17209,M
L53562,L
H37575,H
M15847,M
L49905,L
L56733,L
M22518,M
L55190,L
L50971,L
M24400,M
L50534,L
M19597,M
M21046,M
H34166,H
H36666,H
L51248,L
M24422,M
L54540,L
L55469,L
L53827,L
H36354,H
H30688,H
H30492,H
L53779,L
L47341,L
M20875,M
L53952,L
M19579,M
H37831,H
L54107,L
H30096,H
L48486,L
L53597,L
M23357,M
H37437,H
M19253,M
H30625,H
M20998,M
L54415,L
L49359,L
L51766,L
M15958,M
M19013,M
M17183,M
H30169,H
L50391,L
L48230,L
L51501,L
L54325,L
M15774,M
M21201,M
L57064,L
L57174,L
L54221,L
L49473,L
H39052,H
L52673,L
H35798,H
H32148,H
L54779,L
L55479,L
M19160,M
H37134,H
L49643,L
M19462,M
M19219,M
L53860,L
M22422,M
L53768,L
L53342,L
L48515,L
M16718,M
L47953,L
M17657,M
L49464,L
L52324,L
L47520,L
M15775,M
L50086,L
L47927,L
L49479,L
M18592,M
L49629,L
L49787,L
L52432,L
M19299,M
L48781,L
L55774,L
M20734,M
L56610,L
M22929,M
L52927,L
L53706,L
L54723,L
M18971,M
L49772,L
L47859,L
M18790,M
L55637,L
L56480,L
L48721,L
L53531,L
M22136,M
M19066,M
M19526,M
M24776,M
L50479,L
M15439,M
M19046,M
H37051,H
M18622,M
H31532,H
L49496,L
M21740,M
M24162,M
L56392,L
L53196,L
L54154,L
M15857,M
M22252,M
M18773,M
L54943,L
L48566,L
L47700,L
L51208,L
L57143,L
L50170,L
L47633,L
H38865,H
L50664,L
L51929,L
H32647,H
L47409,L
M24082,M
L47370,L
L51229,L
M21994,M
L54027,L
M17011,M
L50322,L
L55556,L
M22253,M
L51357,L
L52454,L
H31497,H
L56531,L
L50422,L
L54211,L
M24265,M
H30104,H
M16291,M
L54079,L
M16541,M
L49456,L
L49921,L
H30970,H
L56129,L
L49546,L
L52853,L
L51519,L
L49278,L
L52790,L
L54486,L
L51288,L
M15876,M
H30707,H
L49882,L
M16067,M
M23442,M
M17487,M
L56282,L
L49482,L
M16698,M
L56658,L
H32357,H
M19857,M
L52154,L
M17815,M
M23593,M
L50093,L
L47333,L
M22489,M
M19407,M
M16429,M
L47694,L
M24414,M
M21460,M
L52957,L
H31412,H
H34347,H
M17778,M
H31541,H
L50922,L
M17753,M
L48229,L
L52138,L
L55622,L
M16778,M
M15474,M
L48503,L
L57094,L
L51352,L
M22155,M
L51895,L
L56611,L
L51892,L
M19808,M
L51317,L
M17255,M
L52545,L
H34463,H
L47186,L
M18067,M
M18554,M
L48438,L
M22427,M
M24102,M
M20964,M
M24809,M
L50532,L
M18087,M
L52072,L
L53658,L
L52634,L
M21165,M
L47419,L
M23992,M
L57130,L
L49774,L
M20534,M
L51791,L
H32168,H
M20179,M
H38938,H
M20960,M
M21065,M
M20674,M
H34312,H
L47603,L
L47845,L
L51294,L
H34989,H
M19871,M
L47713,L
L50544,L
M18390,M
L47581,L
L51888,L
L55606,L
H38842,H
L53843,L
L55335,L
L54954,L
L57062,L
L55093,L
L52913,L
M21690,M
M15100,M
M23250,M
M19135,M
L56653,L
L55185,L
M16218,M
M20768,M
L54296,L
L52937,L
M14973,M
M20380,M
L47703,L
L54072,L
H36143,H
H32791,H
L53455,L
L50785,L
L53580,L
L50791,L
M20785,M
M22167,M
L50833,L
L50312,L
M21552,M
H35163,H
M16552,M
L50541,L
L51487,L
M22502,M
L55812,L
L51814,L
M16652,M
L47729,L
L51024,L
L47195,L
L51860,L
H37297,H
L51172,L
L48964,L
M15924,M
L51396,L
H38513,H
M21597,M
L51658,L
M22648,M
L51698,L
L48298,L
H35166,H
M23584,M
L55626,L
L53200,L
L47320,L
L54062,L
L51221,L
M24631,M
H33013,H
L48021,L
M15869,M
H36114,H
L51049,L
L49742,L
M23749,M
L55314,L
L51050,L
M24332,M
M15794,M
L52310,L
L54384,L
L49027,L
L52665,L
M24406,M
L55405,L
L48025,L
L51988,L
M15735,M
M22729,M
M18771,M
L56778,L
L55356,L
L53774,L
L56890,L
L54199,L
H37423,H
M19031,M
L51838,L
M24201,M
L51421,L
M18046,M
L51734,L
L49221,L
M15477,M
H38287,H
L50506,L
L49866,L
H38112,H
L54462,L
L47937,L
M15310,M
L52291,L
L49000,L
L51725,L
M24463,M
L53357,L
M16359,M
L56400,L
L56192,L
L50089,L
L48859,L
L48625,L
H36340,H
L55818,L
L49638,L
H31642,H
H35379,H
L50946,L
L50794,L
L51032,L
L50893,L
L48763,L
H38089,H
H34854,H
L48992,L
L56300,L
L47843,L
H37110,H
M23887,M
L56243,L
M19435,M
L50483,L
L47236,L
M18075,M
L47975,L
L51591,L
L51207,L
L52420,L
M17542,M
M23303,M
L51696,L
M19169,M
M22260,M
L54911,L
L55289,L
M20934,M
L53202,L
H30030,H
L52837,L
L48788,L
M19624,M
M15545,M
L48605,L
M19366,M
M20539,M
L55171,L
M23511,M
L47213,L
H32905,H
M21991,M
M20210,M
M15682,M
L50431,L
L52151,L
L51689,L
M19059,M
M17793,M
L51375,L
M16761,M
M17283,M
L57173,L
L54501,L
L51789,L
L55848,L
L48703,L
L47280,L
L53804,L
L54591,L
L48143,L
M24182,M
M24432,M
M24161,M
L57002,L
L49316,L
M18936,M
M22538,M
L56692,L
L50140,L
L53570,L
L50849,L
L51879,L
L49592,L
L50309,L
H30774,H
M22070,M
L49885,L
H33385,H
M16446,M
H38710,H
L48869,L
H30062,H
L55278,L
M15872,M
M21853,M
M21061,M
M24816,M
L55537,L
M16791,M
M17017,M
M17517,M
M19352,M
L49707,L
L52598,L
L56825,L
M22532,M
L53593,L
H29569,H
L51496,L
L51506,L
M16137,M
H35223,H
L54986,L
L47515,L
L48536,L
M23334,M
L52322,L
L49926,L
H31383,H
M24293,M
M19348,M
L51218,L
L55651,L
L53863,L
L49102,L
L51066,L
L51228,L
M17500,M
H31030,H
L47544,L
L49817,L
L48433,L
M21397,M
L47726,L
L55735,L
L53165,L
H34082,H
M22636,M
L52392,L
L51310,L
L54298,L
L55318,L
L55956,L
L51419,L
L55158,L
M15826,M
M16905,M
L54174,L
H36025,H
L50079,L
L52418,L
L52112,L
L51448,L
M21247,M
L55459,L
M22624,M
L51493,L
L52494,L
H32664,H
L48518,L
L53821,L
L53991,L
L50542,L
M15190,M
L49899,L
L52869,L
M19770,M
M23754,M
M15399,M
L53889,L
L51795,L
L55756,L
L48839,L
L55214,L
L49809,L
L47449,L
H36364,H
L54754,L
L52009,L
M17179,M
M23619,M
M20705,M
L55018,L
H35402,H
L50111,L
M22134,M
M19553,M
L48529,L
L50488,L
M16737,M
L49128,L
L48745,L
L50118,L
L54362,L
L48658,L
M18200,M
M16626,M
L55638,L
M19569,M
L51001,L
L53634,L
L50456,L
M20770,M
M24680,M
L54965,L
M18462,M
L53395,L
L52607,L
M21007,M
L49419,L
L49325,L
L54077,L
L48012,L
L53167,L
L47686,L
M19949,M
L50522,L
M24560,M
H30451,H
M17058,M
L52778,L
L51457,L
M23226,M
L55837,L
L48476,L
L50259,L
L56014,L
L57156,L
M21893,M
M17030,M
M18654,M
L56101,L
M23611,M
H29783,H
L56464,L
M21521,M
H38530,H
L54238,L
L47725,L
L53592,L
M19859,M
M23157,M
L53887,L
M20797,M
L47182,L
L54794,L
L55108,L
L47306,L
L51630,L
H31522,H
L48643,L
M20126,M
L52067,L
L50735,L
L48811,L
L54210,L
M18760,M
M21202,M
L51280,L
M17831,M
M24206,M
M24016,M
L48935,L
L51554,L
L55584,L
L57137,L
L49640,L
M19577,M
L55254,L
M16969,M
M18819,M
M23965,M
L49526,L
L53059,L
M17789,M
M20644,M
M14926,M
L48172,L
H34386,H
L55792,L
H37209,H
M17737,M
L47945,L
L55564,L
H30402,H
L51101,L
H34720,H
L55725,L
L53826,L
L47423,L
L50628,L
L49970,L
M22420,M
L51145,L
L49083,L
L55020,L
M19998,M
M21480,M
L54437,L
L52892,L
L55204,L
M14904,M
L54116,L
L53990,L
L51743,L
L51028,L
M18107,M
L53183,L
L48776,L
M23801,M
M15748,M
M18521,M
L52001,L
L47564,L
L57090,L
L51129,L
M17001,M
L55266,L
M19970,M
L52877,L
L49436,L
H31216,H
L56882,L
L55972,L
H34115,H
L56903,L
L54334,L
M16055,M
L47405,L
M23731,M
L53444,L
L49472,L
L51152,L
M19372,M
L52902,L
L51805,L
L51884,L
L50117,L
M24275,M
L50102,L
H31834,H
L47795,L
L56562,L
M20077,M
M23934,M
L49563,L
M18208,M
L51561,L
L55234,L
M23837,M
L56200,L
M21763,M
L47757,L
M19673,M
L53627,L
L51796,L
L53907,L
L54517,L
L55917,L
L51490,L
L56358,L
L51171,L
M23058,M
L54735,L
M14957,M
M22586,M
L50676,L
M20788,M
L47850,L
L50583,L
H34183,H
H32279,H
H32482,H
M16124,M
L48601,L
L48242,L
L49340,L
M24767,M
L47464,L
L49121,L
L56925,L
M20599,M
L55087,L
H39410,H
L53812,L
M20984,M
L49875,L
M17286,M
L55951,L
H33239,H
M21232,M
M20600,M
M21857,M
L55937,L
L55089,L
M22746,M
M19828,M
L54471,L
M18992,M
L56558,L
L54087,L
L56687,L
L56499,L
L56824,L
L48349,L
L49613,L
L49822,L
L56525,L
H32287,H
L48270,L
L52911,L
M24217,M
L52773,L
M17988,M
H36395,H
M20757,M
L53762,L
L47267,L
M18235,M
L47685,L
H36642,H
M19706,M
L56899,L
L53661,L
M21785,M
L48312,L
H37581,H
M20586,M
L55986,L
L50504,L
L55826,L
L50801,L
H38479,H
L55102,L
L56579,L
L49534,L
H32814,H
L50956,L
L47570,L
L56164,L
L52780,L
H35877,H
L52116,L
M23322,M
H32392,H
L50315,L
L55397,L
L49985,L
L54650,L
L47864,L
L50908,L
L56873,L
L50930,L
L53157,L
L47480,L
L54448,L
H30496,H
H31056,H
M21404,M
L52046,L
M21049,M
M21452,M
L48801,L
M19276,M
M21228,M
L48927,L
M22754,M
L51636,L
L51997,L
H36020,H
L51853,L
L49620,L
H32804,H
L56748,L
L52264,L
L50533,L
H32797,H
L52875,L
H36420,H
H37845,H
M20654,M
L54482,L
L52691,L
L48109,L
L50866,L
L57079,L
M21431,M
L49871,L
L49254,L
H35580,H
L55212,L
M16589,M
L47716,L
L52164,L
L55916,L
H36762,H
M16127,M
M18631,M
H36632,H
L51978,L
L50701,L
H30653,H
M16772,M
L53630,L
H37296,H
L50679,L
L56744,L
M16543,M
H38909,H
H31956,H
L47211,L
H33987,H
M15237,M
L50831,L
M24307,M
L52878,L
M15600,M
L53625,L
L48906,L
H29552,H
L49175,L
M18757,M
M18518,M
L54841,L
L53576,L
M21197,M
L48078,L
M15232,M
L48732,L
L49205,L
H36945,H
M16221,M
H35398,H
M20909,M
L53333,L
M18350,M
M21190,M
H34055,H
L56580,L
M23173,M
M24325,M
M21334,M
L56501,L
L53523,L
M14868,M
L56491,L
L52003,L
H30623,H
L53211,L
L48127,L
M18407,M
L50536,L
M24100,M
L48053,L
H30569,H
L53647,L
L48931,L
L49014,L
M18424,M
L50539,L
L47561,L
L53246,L
L55516,L
L56081,L
L52941,L
H38920,H
M16661,M
L55022,L
M15245,M
L52578,L
H36275,H
L49768,L
L49516,L
L51820,L
H39075,H
L50369,L
L50052,L
M23799,M
L56286,L
H37528,H
L52246,L
M19774,M
L51113,L
L54689,L
L53037,L
L53697,L
L55152,L
H36517,H
L48678,L
M21983,M
M20347,M
M17691,M
M15088,M
L52721,L
L57131,L
L56918,L
L49602,L
L48483,L
L48017,L
L52792,L
H37670,H
L54520,L
M19363,M
L50301,L
L55675,L
L53743,L
H30996,H
M22612,M
L51187,L
M15204,M
H35321,H
L52510,L
M20197,M
M24270,M
H30083,H
M21849,M
H35633,H
M20003,M
L49744,L
L50144,L
L51142,L
H37057,H
M18625,M
L55476,L
M17974,M
L52327,L
M22584,M
L49233,L
H38911,H
L53578,L
M19033,M
M16584,M
L49143,L
M14930,M
L48993,L
H35086,H
L47517,L
L48799,L
L49788,L
L49836,L
M16671,M
L55706,L
M18132,M
L52820,L
L52692,L
L49881,L
L47263,L
L48338,L
H32448,H
M21131,M
M20997,M
L55636,L
M16349,M
L52365,L
L52811,L
H38897,H
L48875,L
L49514,L
L55747,L
H37486,H
L49326,L
H39336,H
L55778,L
M18692,M
L55964,L
L54891,L
L49462,L
L54156,L
M21443,M
L55490,L
L53588,L
L52110,L
L54836,L
M15887,M
M22281,M
L56616,L
M19941,M
L48085,L
L51999,L
L48691,L
H31776,H
L51355,L
M22850,M
M17181,M
L51270,L
L50961,L
H38988,H
H33979,H
M22564,M
L48879,L
M22617,M
L54152,L
M19025,M
L49521,L
L55925,L
L53121,L
M21716,M
L48475,L
L54353,L
L52330,L
L52466,L
L53479,L
L49858,L
L51690,L
M20352,M
L56355,L
L50021,L
L49120,L
L51476,L
L55547,L
L54299,L
H32843,H
M24472,M
L55117,L
L48623,L
L50696,L
L53265,L
H31903,H
L48817,L
L52362,L
L53782,L
L48076,L
H35797,H
M21844,M
L49635,L
L48876,L
H34192,H
H29870,H
L48061,L
M22230,M
M15024,M
L54698,L
H35830,H
M22202,M
H33913,H
M21802,M
L54080,L
L50046,L
L51062,L
L57060,L
L50063,L
H36288,H
L53981,L
L52948,L
L55236,L
L51684,L
L52411,L
M21737,M
H33291,H
L48828,L
L54131,L
M16704,M
L47422,L
L47194,L
M21493,M
H37679,H
L54799,L
M23185,M
M16299,M
H30400,H
M24600,M
L52286,L
L52527,L
L56182,L
L56450,L
H31173,H
L50948,L
M21218,M
L48848,L
L52528,L
M16587,M
L49923,L
M21490,M
M24320,M
H29500,H
M20509,M
M23243,M
L49861,L
L55522,L
H36867,H
H39197,H
L50652,L
M22107,M
L56305,L
L53559,L
M18437,M
M23211,M
M16264,M
L53463,L
L53589,L
M19089,M
L48000,L
L53723,L
L51550,L
M20115,M
H32126,H
L54150,L
L49398,L
L49947,L
L54815,L
L51329,L
M19858,M
L49919,L
M17924,M
L48005,L
H38687,H
L49392,L
L54397,L
L50852,L
M20772,M
L49771,L
L49933,L
M17852,M
L47932,L
M19954,M
H29909,H
L57001,L
M23378,M
L51264,L
M21692,M
M15871,M
M19011,M
M24388,M
L56426,L
M15926,M
L48578,L
L53081,L
M14877,M
L54551,L
M20973,M
M21615,M
L55098,L
M15294,M
H33896,H
M18131,M
M20075,M
M18526,M
L51514,L
M18564,M
M16627,M
M20182,M
M15541,M
L49760,L
L51394,L
L52255,L
M20853,M
L51020,L
M24678,M
M16842,M
L51827,L
M19149,M
M23101,M
L52385,L
M15728,M
L49636,L
L48144,L
L49455,L
L47281,L
M19529,M
L50000,L
H35754,H
L54732,L
L49569,L
L49716,L
M18879,M
M22478,M
L50316,L
L53687,L
M21805,M
H30802,H
L51786,L
L51163,L
H35944,H
L51359,L
M24475,M
L50618,L
L47646,L
M21649,M
M17553,M
L49166,L
L50939,L
L53673,L
M22074,M
L49193,L
M18784,M
H38045,H
M23537,M
M16610,M
M18394,M
L55616,L
M23785,M
H36428,H
L52586,L
M18667,M
M21096,M
M19202,M
L56205,L
M20505,M
L52670,L
M15456,M
L53268,L
M15201,M
L50359,L
M20334,M
M20111,M
M19063,M
M20427,M
M20118,M
L52991,L
L56823,L
M21659,M
L48352,L
L47404,L
L57125,L
L53869,L
L53305,L
M23369,M
L48108,L
L52988,L
M15953,M
L50993,L
L50141,L
L52624,L
M20021,M
L54196,L
L53065,L
L52013,L
L52204,L
L50499,L
M24026,M
M22115,M
L49037,L
L56516,L
M19058,M
H38807,H
H32875,H
L53038,L
L51385,L
L49105,L
L51430,L
M22340,M
H31500,H
L51360,L
L50081,L
M18042,M
M18574,M
M15105,M
L52809,L
H37795,H
M18929,M
L56541,L
M22710,M
H34091,H
L52066,L
L55946,L
L56165,L
H31451,H
M17506,M
H33674,H
L48676,L
M22265,M
L50709,L
L51964,L
H31314,H
L53613,L
M23439,M
M19175,M
L49733,L
L52666,L
M15016,M
L49764,L
M23394,M
H38249,H
L50719,L
L48341,L
L56468,L
H29812,H
L55621,L
M23081,M
L50723,L
L49017,L
H37236,H
L54460,L
L55782,L
L49025,L
M21091,M
L47219,L
L48524,L
M23169,M
L47495,L
M23426,M
L47259,L
L48987,L
M18417,M
L48618,L
M19888,M
L51465,L
L51784,L
L56231,L
M22785,M
M18536,M
H32359,H
M18756,M
L53362,L
L56183,L
M18537,M
L51546,L
L56032,L
H37810,H
L49380,L
L47342,L
L57153,L
L55877,L
L54389,L
M23699,M
M15312,M
L56029,L
L56624,L
M22315,M
M20944,M
L47258,L
L49527,L
M22709,M
M19845,M
L49270,L
L50022,L
M20088,M
M16463,M
M17187,M
M16517,M
L50481,L
M22852,M
M15434,M
L51665,L
L56524,L
L52674,L
M19258,M
H33112,H
M17042,M
L54115,L
L56360,L
M16289,M
L52563,L
L51505,L
L55794,L
M19492,M
M22680,M
L51536,L
L51096,L
L50274,L
L56112,L
M16344,M
L51909,L
M18827,M
M22246,M
L53005,L
M20583,M
M19434,M
M20358,M
L49329,L
L54639,L
M24640,M
L51708,L
H30281,H
H39316,H
L47722,L
M16899,M
M24520,M
M20398,M
L56483,L
M20939,M
L49282,L
L56356,L
L52481,L
L55594,L
L56012,L
L48684,L
L53024,L
M17036,M
L49075,L
L52172,L
L51758,L
M23568,M
L55927,L
M22285,M
L52561,L
L52308,L
M16328,M
L53374,L
M21711,M
L56528,L
M16000,M
M24066,M
L50780,L
L48569,L
M15854,M
L55912,L
L56986,L
M21449,M
L54484,L
L48784,L
L56856,L
M18814,M
L51874,L
M22547,M
L54038,L
L52899,L
L48608,L
L53377,L
L52424,L
H31951,H
L54977,L
H30639,H
M21568,M
L48359,L
M20391,M
L49743,L
L49226,L
L51422,L
L49621,L
L49560,L
L47815,L
M24635,M
H34755,H
M19753,M
L51594,L
L54535,L
L47477,L
L54429,L
M24696,M
L55680,L
M17170,M
M18808,M
L50608,L
L54043,L
L48933,L
M15339,M
L54428,L
L55800,L
L48188,L
M18765,M
L51320,L
L56740,L
L47900,L
M18847,M
L57012,L
L52893,L
M21289,M
L48543,L
L48065,L
M22905,M
H34202,H
L52918,L
L56227,L
L52982,L
M24761,M
L53308,L
L47609,L
L48668,L
M24401,M
M15440,M
M21870,M
M18347,M
M23449,M
L49939,L
L54102,L
M22044,M
H31256,H
L50131,L
H38831,H
L56472,L
H31107,H
L52662,L
M22691,M
M15002,M
L51928,L
M23910,M
M24209,M
M19497,M
M19839,M
L56969,L
M17655,M
L49515,L
L48778,L
L49652,L
M24214,M
M20978,M
H38587,H
L49165,L
L53787,L
L48165,L
L49106,L
L47583,L
L51837,L
L47921,L
L52800,L
M15467,M
L51729,L
M17906,M
M20856,M
H30459,H
M24669,M
L53066,L
M18198,M
L52846,L
L47654,L
L55226,L
M15856,M
L54681,L
L47591,L
L56136,L
M19016,M
L54859,L
M19890,M
M17717,M
L48007,L
L56095,L
L55133,L
M24522,M
M17043,M
L48523,L
M17712,M
L47592,L
M16909,M
L56323,L
H39216,H
L51605,L
M16474,M
L52771,L
L51243,L
L50712,L
L51158,L
H36156,H
L52643,L
H34028,H
M21790,M
M17171,M
L51354,L
L51977,L
M23352,M
L54347,L
M24159,M
L55154,L
L53480,L
L52268,L
L53370,L
H35117,H
M24139,M
L47233,L
H30585,H
H32860,H
L49483,L
L49834,L
L55166,L
L53819,L
L55532,L
H32832,H
L51279,L
L48748,L
M18789,M
M18811,M
M15500,M
M22881,M
L55660,L
H38033,H
L49182,L
H33499,H
L47203,L
L52587,L
L52758,L
L56149,L
M18918,M
L54531,L
L51644,L
L49964,L
M16149,M
M24425,M
M24356,M
L51592,L
H35270,H
L54686,L
L47311,L
L51464,L
L56834,L
L47679,L
M16714,M
L49791,L
L50225,L
L52089,L
M22357,M
L55842,L
M16400,M
L49718,L
L47923,L
L55691,L
M20320,M
M21267,M
L47606,L
L48149,L
M15104,M
L54525,L
L51813,L
L50347,L
L48741,L
M18412,M
M17577,M
H38078,H
L52035,L
L49476,L
H37732,H
M23950,M
M23305,M
L52266,L
L50703,L
L49695,L
L54292,L
L48988,L
L49572,L
L54103,L
L51479,L
L50273,L
H33541,H
M18468,M
L55086,L
H31581,H
M16540,M
L53844,L
H30186,H
L51213,L
L48651,L
M23513,M
L53425,L
L47656,L
L51369,L
H31324,H
L52611,L
L49016,L
H31531,H
L48649,L
L55868,L
L52680,L
L51092,L
M23716,M
L50196,L
L52910,L
L55331,L
M18066,M
M21068,M
L53111,L
M22058,M
M15959,M
L47780,L
L51164,L
H37585,H
L49726,L
M23534,M
L54526,L
L50426,L
L52312,L
M21479,M
M16563,M
L51120,L
H39306,H
L49420,L
L55944,L
L47642,L
L50835,L
L48437,L
L54964,L
M16351,M
L47957,L
L48970,L
L52030,L
M23536,M
L49649,L
L48321,L
H37737,H
L49888,L
L56372,L
L55366,L
L47781,L
L54889,L
M16424,M
L50959,L
M15547,M
L51739,L
M16286,M
M23161,M
M16711,M
H30276,H
L52754,L
M16773,M
L52757,L
M17925,M
L51724,L
L49422,L
L52554,L
L50321,L
L47426,L
L51311,L
L47273,L
L48009,L
H34783,H
L48579,L
L55244,L
M18983,M
L48481,L
L57111,L
H36468,H
L48466,L
L52441,L
L52279,L
M17952,M
L57065,L
H38797,H
L53617,L
L48639,L
M23171,M
L52560,L
M20073,M
L49965,L
M21380,M
M18976,M
L53191,L
M16914,M
L51878,L
M15532,M
L53972,L
M18325,M
L55107,L
M17642,M
L48430,L
M20894,M
M19895,M
H31622,H
L50527,L
H31774,H
L47433,L
L53615,L
L54005,L
L51699,L
M21383,M
M21719,M
M19036,M
M19341,M
L50984,L
L48550,L
L56655,L
L49827,L
L51659,L
M19410,M
L47543,L
L48570,L
L56416,L
L52812,L
L47411,L
L47622,L
L48185,L
M20665,M
M23967,M
M15171,M
L48737,L
M16405,M
L54691,L
L54403,L
M18754,M
L56045,L
L53034,L
L49104,L
M14882,M
L52207,L
M19382,M
H30058,H
L48013,L
H34167,H
M21559,M
H32073,H
H31402,H
L51342,L
L51034,L
H33810,H
H34591,H
M17356,M
L53456,L
L48686,L
L47358,L
L56725,L
M18791,M
M18141,M
M18813,M
L51710,L
H33435,H
L56511,L
L51824,L
M23604,M
L55902,L
M23823,M
L50381,L
H37463,H
L55259,L
M19777,M
L55535,L
L56078,L
H30782,H
M23724,M
M18508,M
L48491,L
L48480,L
L55859,L
L52384,L
L50286,L
M17522,M
H33492,H
M18409,M
L56810,L
M22187,M
L53440,L
L48642,L
H33728,H
L49423,L
L51875,L
L48334,L
L47307,L
L52681,L
M23051,M
M22452,M
L51381,L
L50195,L
M20490,M
L51216,L
M24418,M
L56803,L
H35129,H
L57139,L
L52613,L
L50377,L
M19856,M
L51843,L
H37683,H
M15987,M
M16911,M
L48428,L
M16687,M
L57092,L
M17321,M
L55178,L
L48871,L
L56707,L
M20775,M
H34970,H
L53314,L
M19075,M
M23065,M
M22193,M
L55034,L
L53123,L
M20125,M
L47971,L
M20076,M
L54583,L
M16235,M
L53989,L
M24675,M
L55127,L
L49293,L
L53136,L
L53057,L
L52336,L
L54118,L
L53716,L
L48637,L
H35901,H
L51880,L
M21225,M
L53219,L
L47245,L
M22110,M
M19020,M
M20344,M
M24417,M
L48407,L
L49050,L
L49141,L
L56168,L
L47201,L
L52277,L
L54310,L
M22482,M
M22664,M
L53516,L
M18017,M
L52256,L
L55554,L
L56326,L
M15167,M
H36916,H
L54637,L
L47893,L
L48337,L
M18943,M
M21118,M
H37657,H
L56944,L
L50524,L
L49004,L
H37878,H
L49712,L
M18413,M
L49155,L
L56885,L
M18586,M
M16078,M
L53097,L
H37551,H
L47899,L
M17288,M
L49459,L
M20511,M
M16628,M
M23087,M
L48074,L
L56435,L
H32984,H
H38427,H
M18165,M
L49252,L
M24340,M
M24088,M
L52713,L
L52245,L
L50829,L
L54624,L
M19975,M
M19487,M
L57074,L
L47761,L
L52591,L
M15155,M
L48786,L
M24651,M
M16918,M
M24021,M
L53109,L
L51095,L
M19660,M
L48683,L
L56374,L
L51178,L
L49979,L
H34005,H
L52011,L
L47554,L
M17785,M
L50633,L
M21822,M
H35301,H
M17431,M
M22467,M
L50510,L
L51118,L
L47584,L
L55399,L
H31210,H
H35266,H
L48787,L
L51065,L
L54634,L
M23441,M
L47750,L
L56544,L
L54693,L
L51598,L
M19550,M
H38066,H
M22147,M
M15220,M
L55634,L
M23501,M
M21271,M
M16093,M
M22544,M
M17515,M
M19815,M
H33439,H
L50026,L
L55321,L
H35946,H
H35887,H
L57089,L
L48248,L
M18391,M
M22928,M
L55777,L
M19983,M
L50438,L
L53110,L
H34620,H
L49345,L
M17085,M
L48035,L
M16306,M
L51694,L
L50295,L
M18020,M
H33526,H
L47871,L
L51461,L
L50002,L
L48539,L
H32042,H
M18925,M
M20387,M
L56110,L
M19557,M
L55607,L
L49426,L
L54816,L
L50468,L
M15611,M
M20193,M
L49127,L
L57152,L
L47469,L
H38354,H
M18873,M
L54308,L
M24331,M
L51405,L
M23527,M
L55327,L
H33783,H
L48150,L
L52523,L
L54479,L
M19406,M
M16840,M
L49494,L
L47709,L
L56429,L
M18794,M
L53469,L
M19907,M
L54936,L
L55541,L
M21503,M
L51903,L
L47769,L
L52371,L
M21417,M
L56665,L
M22602,M
M23184,M
M17110,M
H39192,H
L51685,L
M19585,M
L53745,L
L54938,L
L54239,L
M18226,M
H36351,H
L55667,L
M19947,M
L48006,L
H34725,H
L52592,L
L52122,L
H34159,H
L47393,L
L53412,L
M23970,M
H31249,H
L48186,L
M17037,M
L47916,L
L48878,L
M19972,M
L52200,L
M20735,M
L53679,L
M16614,M
L50493,L
L55736,L
L51939,L
L54684,L
L56212,L
M16426,M
L54885,L
M23353,M
L50973,L
L53061,L
L48373,L
M24711,M
H38038,H
M24807,M
L51308,L
H36328,H
M21513,M
L57066,L
M23197,M
H37294,H
L48775,L
L53974,L
M24412,M
L47279,L
M22511,M
H30217,H
M19866,M
L52955,L
L55717,L
L47234,L
M15742,M
L52293,L
L49256,L
M23254,M
M20312,M
L51646,L
M19177,M
M18595,M
L49869,L
M16604,M
L54873,L
L55024,L
M21663,M
H35876,H
M15120,M
L48940,L
L55869,L
L55720,L
L53391,L
M15230,M
L47294,L
M18721,M
L48571,L
M20900,M
L51393,L
L48151,L
M14909,M
M18674,M
L51130,L
M24694,M
M14948,M
L52367,L
L52448,L
L54699,L
H33894,H
L51509,L
L56703,L
L47959,L
L48126,L
L48161,L
L51803,L
L47545,L
L52115,L
L49543,L
M17418,M
H36744,H
M20281,M
L48929,L
L51029,L
M16809,M
L50437,L
L49972,L
L56186,L
M22152,M
L52668,L
L47225,L
L56535,L
L50230,L
H34536,H
M15718,M
L54095,L
L51984,L
L53506,L
L54741,L
M19307,M
H33777,H
L55389,L
L47742,L
L55027,L
M23514,M
L49715,L
L47237,L
M20186,M
L49898,L
L53834,L
M24771,M
M23235,M
M21926,M
M15653,M
L48135,L
M17699,M
M14865,M
L48210,L
M22100,M
L51985,L
L53806,L
L47302,L
L53000,L
L54600,L
L50209,L
L56388,L
M16178,M
M16843,M
L51268,L
L51587,L
M21766,M
M20878,M
M18522,M
L51439,L
M15675,M
L54425,L
L52202,L
M15293,M
L50770,L
L56148,L
L54496,L
M17267,M
L49626,L
L55628,L
M15067,M
M21371,M
L51523,L
M20305,M
L53281,L
M19773,M
L54594,L
H36126,H
L50296,L
L52455,L
L48528,L
L47990,L
M18495,M
L47571,L
M17828,M
L53205,L
M21027,M
M16276,M
L51563,L
L57124,L
L47731,L
H30248,H
L55394,L
L47838,L
L55947,L
H36557,H
L53286,L
M21594,M
L49396,L
L51189,L
L56007,L
L53740,L
L55333,L
H30745,H
L52597,L
L56845,L
L53174,L
L50665,L
M16712,M
L54312,L
L47252,L
L55081,L
M23063,M
L47799,L
H31603,H
H38229,H
L54599,L
M21184,M
L56682,L
L49358,L
M18707,M
L53789,L
L52058,L
M16603,M
L49002,L
L55617,L
L47597,L
L55540,L
L56893,L
H30534,H
H31850,H
L54556,L
H35426,H
L53657,L
M17584,M
M17806,M
L49070,L
L48043,L
H29776,H
L54849,L
L52054,L
L55662,L
L49354,L
L52614,L
H30418,H
M22703,M
L49048,L
L49950,L
H37370,H
M18485,M
H33361,H
L55012,L
L49758,L
M18512,M
L51305,L
M23714,M
H32366,H
M19192,M
L56993,L
M17218,M
M22008,M
L49684,L
L56851,L
L50964,L
L55719,L
M22873,M
M16226,M
M24847,M
L53607,L
L52534,L
M21746,M
L49685,L
L51406,L
L55899,L
L50436,L
M21776,M
L52511,L
L56592,L
L48882,L
H30368,H
H31534,H
L48429,L
M17391,M
M19495,M
L56865,L
L55210,L
L53295,L
L53130,L
L54569,L
M20861,M
L47863,L
L52278,L
L54616,L
M15881,M
L53328,L
L48583,L
M15560,M
L50538,L
L52914,L
M17212,M
M16679,M
L48516,L
M21873,M
H36656,H
L53835,L
L52406,L
M16212,M
M16499,M
L55853,L
M19939,M
L56953,L
H37117,H
L47915,L
M20732,M
M16792,M
M15030,M
L47582,L
M24775,M
L53534,L
L49617,L
L51391,L
M21970,M
M19200,M
M21835,M
L48913,L
M22885,M
M20903,M
H31372,H
H37282,H
M20184,M
M15065,M
M24261,M
M19960,M
L48412,L
M18841,M
H29724,H
L54949,L
L55116,L
L55695,L
M15097,M
H31303,H
L56819,L
L50185,L
L53650,L
M21984,M
L47595,L
L47441,L
L55246,L
L56363,L
M20709,M
L50619,L
L53409,L
L52317,L
L56648,L
M15288,M
M24192,M
L53501,L
H35584,H
M16229,M
M17747,M
H31547,H
L56957,L
L50917,L
M23824,M
H36066,H
M24284,M
L52325,L
M20120,M
M17531,M
L55620,L
M20339,M
L56860,L
M17509,M
H34206,H
L56820,L
L50591,L
L55145,L
M24234,M
L51450,L
H31079,H
M16059,M
H31220,H
L47248,L
H37815,H
M19284,M
L57168,L
M21993,M
M16939,M
M21509,M
L53695,L
L52599,L
L54377,L
L56530,L
M20858,M
L51016,L
M20423,M
L53585,L
M16486,M
L55618,L
H33509,H
L53526,L
L54865,L
L47814,L
L48206,L
L51809,L
L52263,L
L50463,L
H35833,H
M17868,M
M22466,M
L52856,L
M17420,M
L52952,L
H38448,H
H29742,H
M15426,M
L54869,L
L52257,L
L49865,L
L51451,L
L50256,L
M16941,M
L49411,L
L54172,L
L52996,L
L55143,L
L47242,L
L51663,L
L51323,L
M17228,M
M22219,M
L56797,L
L52085,L
L47290,L
M21630,M
L52697,L
L55465,L
L50503,L
L55743,L
M20540,M
H29979,H
L47434,L
H31628,H
L52314,L
L51260,L
M18247,M
L56035,L
L47427,L
L47831,L
L51680,L
L52733,L
M18580,M
M21405,M
L47555,L
M18621,M
M23948,M
M22615,M
M22318,M
L55674,L
M20701,M
L49240,L
L52196,L
M18806,M
L54557,L
M24429,M
L56635,L
L51695,L
M22514,M
L54013,L
L48724,L
M15972,M
L52631,L
M16771,M
M20468,M
M22660,M
H38389,H
H37521,H
L49700,L
M15930,M
M18040,M
L56088,L
L54584,L
L56395,L
M16837,M
L50998,L
M17948,M
L47274,L
L54478,L
M15796,M
M18980,M
L50725,L
L53320,L
H34953,H
M22103,M
M16057,M
M20796,M
H33377,H
L55712,L
L55945,L
L51124,L
M14894,M
M20887,M
L48324,L
H39353,H
L49161,L
M19906,M
M20441,M
L57113,L
L48016,L
L50561,L
M23711,M
L50920,L
M15332,M
M22675,M
H37695,H
L47947,L
L47289,L
L56506,L
M19513,M
L56978,L
M15520,M
M23851,M
M21352,M
M17741,M
L49386,L
L48575,L
L53389,L
L52321,L
M24203,M
M17528,M
H37078,H
M15659,M
M21172,M
L52945,L
M16060,M
H31665,H
M23574,M
M15236,M
L54483,L
M15267,M
L53828,L
M17062,M
L56350,L
H30660,H
M21104,M
L53026,L
H33054,H
M16300,M
M21673,M
L48296,L
M22186,M
L52618,L
M19233,M
H39002,H
L54391,L
M18506,M
L49133,L
L53497,L
L50341,L
M23312,M
L56058,L
H35832,H
M20971,M
L47400,L
L51069,L
M24460,M
L56048,L
M17692,M
M18486,M
L51004,L
L53992,L
L56884,L
L55718,L
M22344,M
L56244,L
M17745,M
L54373,L
L52301,L
H33315,H
H32906,H
L48024,L
M18133,M
L52589,L
L52609,L
H35886,H
L52082,L
M16616,M
M15622,M
L54614,L
M17035,M
L49099,L
L48851,L
L51806,L
M20270,M
H32274,H
M23881,M
M20357,M
L47264,L
M21824,M
L49114,L
M20160,M
H33189,H
H36051,H
L50933,L
L52328,L
L49910,L
L51983,L
H34965,H
L56198,L
L56178,L
M18498,M
L50197,L
L51701,L
L53815,L
L49683,L
L51304,L
M23455,M
L51335,L
L55460,L
L56169,L
H36960,H
M20445,M
M18865,M
M14992,M
M20516,M
L52331,L
L48574,L
L47833,L
L49132,L
L52020,L
M15287,M
L50880,L
L52468,L
L55419,L
L56092,L
L47261,L
M18633,M
M15712,M
H29702,H
M16748,M
H29606,H
L52828,L
L52580,L
L49517,L
H39130,H
M24784,M
L50775,L
M21058,M
L55776,L
L47844,L
L48197,L
M18710,M
H34454,H
M15325,M
M22966,M
M20378,M
H34710,H
H31921,H
L57170,L
L52423,L
M24851,M
L51790,L
L49108,L
L52542,L
M17259,M
H32292,H
L56344,L
L55053,L
M23293,M
H36182,H
L56879,L
H38822,H
M22073,M
L55396,L
H30113,H
M18367,M
L52582,L
L54985,L
L51106,L
L56764,L
M17012,M
M18149,M
L47432,L
L56229,L
H31496,H
M22119,M
L51913,L
M20176,M
M21014,M
M18637,M
L52865,L
L55261,L
M21476,M
H35348,H
L54033,L
L48765,L
L55380,L
L55690,L
H39047,H
L56826,L
M15963,M
L50858,L
M18423,M
H34784,H
L50977,L
L55101,L
L51153,L
L48624,L
L49198,L
L55681,L
L50808,L
M23407,M
L51197,L
L52524,L
L48881,L
L49305,L
M16199,M
M24710,M
L55264,L
L53457,L
L47412,L
L55149,L
M17064,M
M18752,M
L52055,L
M23559,M
M17730,M
L49597,L
M24323,M
M23737,M
M21009,M
H32755,H
L47638,L
M19626,M
M21255,M
L48420,L
H33506,H
M22613,M
L57011,L
L52342,L
M20195,M
L48597,L
M19804,M
L49770,L
M20473,M
M19962,M
L48621,L
L51380,L
L47463,L
L55151,L
H34293,H
L51914,L
M17941,M
M23783,M
M23093,M
M19865,M
L51989,L
L48949,L
M20965,M
L54615,L
L51498,L
L52689,L
H39303,H
L50903,L
L53188,L
M20523,M
L54379,L
L53356,L
L54133,L
L53795,L
L55174,L
L50823,L
L52407,L
M18451,M
L49387,L
L50944,L
H38730,H
L47946,L
H36635,H
L52487,L
H37262,H
L49371,L
L52516,L
M24814,M
L51961,L
M17408,M
L54061,L
M15062,M
M16174,M
M23268,M
M19662,M
H32498,H
H38692,H
L55337,L
L55157,L
M15329,M
M23424,M
M24113,M
M22227,M
H34611,H
M19118,M
L50433,L
M17643,M
L57149,L
L54159,L
H30668,H
M21274,M
H39188,H
H32203,H
L51647,L
M22531,M
L49671,L
L54441,L
L55427,L
M18802,M
H32949,H
L49142,L
M20211,M
H29571,H
L55629,L
H32698,H
M24855,M
L56280,L
H32800,H
L47918,L
L53705,L
L52569,L
M20301,M
L52133,L
L48585,L
L48696,L
L54875,L
L51000,L
L54048,L
L47586,L
L55864,L
L57058,L
L55601,L
L49047,L
L50859,L
M20652,M
M17767,M
M23172,M
H36266,H
H34786,H
L53330,L
L51948,L
M19873,M
L52603,L
L49377,L
M17279,M
H34966,H
M19210,M
L53023,L
H29425,H
H29968,H
M22875,M
M22381,M
M16049,M
L47996,L
H30909,H
L55144,L
L51912,L
M17499,M
H30941,H
L51614,L
L55428,L
L50466,L
M16471,M
M14956,M
M24125,M
L55284,L
H33741,H
M16440,M
L51255,L
H32045,H
M17957,M
L50409,L
L56361,L
H34746,H
H33778,H
H37891,H
L50970,L
L57049,L
L56309,L
L57077,L
M18105,M
H32771,H
L55191,L
L49118,L
L52156,L
H38944,H
M16379,M
M16036,M
L53867,L
L49066,L
L52562,L
M16810,M
L54404,L
H37040,H
L54993,L
L48659,L
L51735,L
L55742,L
L56883,L
L51943,L
M23700,M
L53573,L
L47559,L
L54631,L
L48635,L
H35758,H
H34569,H
M16367,M
M18920,M
M23634,M
L51738,L
M22867,M
L50691,L
M22972,M
L51121,L
L50764,L
L50396,L
L47816,L
L56952,L
H34262,H
L52604,L
L50923,L
H34813,H
M24445,M
L50877,L
H38545,H
M15776,M
L55741,L
L56153,L
L48825,L
L53618,L
L52658,L
L49778,L
M22622,M
M16280,M
L47930,L
H36528,H
L54776,L
M18914,M
H29951,H
L50925,L
M21968,M
L54560,L
L55222,L
M22795,M
L54064,L
H38445,H
L47380,L
L56750,L
L51411,L
M16957,M
L56519,L
L52010,L
H31100,H
M15516,M
M23445,M
M23232,M
L54795,L
L49755,L
L48289,L
L47525,L
M24373,M
M20518,M
L55153,L
L55524,L
L51926,L
L47926,L
M23871,M
L55872,L
L47628,L
L53877,L
L48506,L
L54008,L
L50540,L
M19928,M
L47488,L
M16685,M
M19205,M
L56185,L
L50630,L
L52034,L
M22235,M
L53299,L
L51770,L
H37179,H
L54803,L
L54098,L
L51482,L
L54019,L
M15732,M
H33166,H
M24557,M
M21975,M
L48070,L
H37729,H
L51521,L
L56802,L
M17524,M
M22144,M
M17629,M
M23877,M
M18516,M
L54579,L
L54088,L
L54725,L
M21216,M
M23767,M
L52238,L
M14896,M
M24617,M
M16789,M
L49633,L
L51503,L
L55639,L
L50799,L
H35393,H
L47626,L
M18519,M
H39412,H
M17416,M
M20336,M
L47227,L
M22192,M
L52456,L
L49227,L
M21119,M
L49023,L
L50305,L
H36732,H
M22425,M
M17899,M
L49994,L
H38719,H
H31528,H
M24541,M
L54505,L
M20297,M
M23555,M
M20469,M
M23812,M
M18884,M
M20829,M
M19052,M
M18638,M
L51186,L
H36293,H
M23547,M
M15570,M
M23736,M
L50133,L
L51529,L
L48120,L
M15771,M
L50187,L
M19427,M
M16678,M
M21151,M
L49537,L
M23393,M
H32328,H
L51640,L
L47766,L
L48051,L
L55057,L
L49453,L
L47596,L
L52105,L
M16721,M
H33604,H
M19171,M
L50289,L
M24679,M
M22218,M
M20968,M
L50549,L
L52470,L
L51823,L
M20153,M
M21100,M
L55991,L
H31434,H
L53012,L
L52150,L
M20033,M
M16201,M
L48753,L
L47496,L
L51046,L
L51515,L
M17708,M
L52426,L
L49713,L
L48023,L
H33415,H
M16037,M
M15949,M
M23868,M
L48164,L
L52119,L
L49785,L
L50809,L
L49008,L
L56546,L
L47254,L
M18032,M
M22606,M
L51140,L
M19969,M
L49100,L
L55965,L
L55323,L
M22290,M
L51244,L
L48030,L
H35920,H
M20804,M
M18438,M
M21791,M
H34643,H
L55359,L
L52032,L
M18688,M
L51606,L
H31152,H
L51893,L
M14895,M
M22587,M
L47604,L
M17756,M
M15691,M
L56187,L
H36439,H
M20904,M
L55958,L
L51071,L
M15412,M
M19598,M
L48130,L
L47354,L
L47743,L
M22542,M
M17359,M
L51922,L
L51955,L
H31859,H
M24566,M
H38653,H
H36734,H
M18727,M
L52520,L
M15975,M
M24276,M
L52900,L
M21644,M
M19945,M
L50218,L
L54418,L
M15169,M
M17385,M
L51338,L
M22783,M
L49498,L
M21418,M
L53838,L
L52039,L
M15658,M
M21180,M
M21563,M
M15783,M
M23743,M
L52098,L
H30032,H
L48958,L
L48202,L
L51504,L
M16824,M
L49303,L
L49639,L
L53249,L
L51868,L
M16233,M
M20535,M
L47950,L
L49039,L
M19791,M
L47770,L
L52816,L
H33317,H
L49973,L
L52100,L
H38017,H
M19701,M
H30649,H
L48056,L
M24646,M
L48926,L
L55978,L
M16960,M
M24004,M
M23542,M
L47919,L
M19047,M
H33006,H
L52935,L
L55099,L
M24312,M
H33034,H
H37390,H
L51021,L
L54419,L
L56594,L
M24512,M
M15417,M
L56167,L
H35969,H
L55739,L
H38244,H
L47739,L
L53623,L
M24479,M
M15873,M
M24857,M
H37836,H
M16564,M
M17172,M
M21292,M
L50683,L
M24731,M
M16180,M
M15159,M
L50966,L
M16227,M
L52297,L
M16723,M
M24297,M
M15119,M
H34033,H
L50543,L
L47989,L
M14978,M
M22723,M
M19651,M
L47429,L
L52572,L
H36188,H
M21005,M
L55893,L
L49680,L
L48181,L
M21997,M
M20601,M
L48288,L
M21129,M
H34092,H
L54628,L
M20187,M
H39042,H
H31162,H
L48729,L
L54702,L
L49508,L
M22001,M
H39184,H
L52653,L
L49465,L
M23042,M
H29865,H
M23546,M
M16819,M
L52241,L
M24657,M
M16148,M
H33443,H
L48111,L
L49662,L
L52311,L
L51670,L
L48215,L
H29522,H
L49999,L
H37019,H
M19622,M
L50419,L
L49891,L
L55745,L
L49682,L
M15649,M
M17878,M
H34076,H
M20446,M
L52983,L
M21764,M
M20744,M
L52436,L
L54625,L
L49872,L
H30792,H
M20690,M
L47506,L
L54736,L
H30587,H
L47848,L
M19105,M
L56600,L
M20524,M
H30370,H
H37677,H
M19891,M
M18912,M
M19787,M
M20254,M
L52690,L
H31906,H
H39258,H
L53338,L
L49009,L
M22522,M
L55568,L
M18140,M
L51337,L
M19412,M
L50356,L
L52187,L
M15790,M
M14873,M
M19854,M
L51987,L
M20233,M
M21772,M
L56504,L
H34963,H
M19309,M
H34610,H
L51924,L
L48344,L
H30617,H
L54006,L
M20031,M
M20698,M
L47580,L
M15985,M
L49615,L
M16472,M
M15817,M
L49660,L
L48657,L
L48916,L
L52944,L
L52980,L
L49433,L
L48066,L
L52742,L
L47873,L
L50025,L
L49045,L
L49806,L
M23073,M
H30090,H
H35783,H
M19670,M
H35390,H
H32524,H
L52031,L
L51274,L
M16747,M
L47560,L
M24699,M
M20410,M
M21755,M
L53507,L
M19892,M
L57084,L
L55543,L
M18203,M
M20036,M
M21147,M
M17847,M
M24485,M
H32080,H
L49877,L
L50875,L
M20034,M
L51492,L
M14995,M
L52894,L
L53096,L
H37544,H
M19737,M
M20188,M
M19488,M
L52896,L
L51947,L
L47418,L
L53733,L
L47678,L
L47249,L
H34170,H
L48700,L
H31674,H
M22765,M
L49439,L
L52427,L
M23832,M
M17886,M
M21601,M
M15858,M
L48170,L
M20219,M
H32675,H
M24511,M
M19861,M
L49909,L
L50728,L
M16744,M
L50159,L
M20356,M
L53152,L
M23346,M
L51195,L
M15614,M
L55464,L
M17788,M
L53503,L
M16777,M
M20548,M
M20928,M
M24526,M
M15780,M
L47839,L
M20141,M
L50934,L
L48154,L
M15032,M
L49158,L
M16716,M
H34917,H
L47562,L
H38515,H
L47690,L
L52439,L
M21081,M
M19067,M
L51741,L
M20324,M
L48960,L
M16159,M
M19182,M
M21816,M
L53212,L
H34477,H
L53094,L
L52585,L
M16521,M
L54622,L
H31371,H
M23329,M
L49609,L
M18617,M
M16655,M
L49570,L
L47386,L
M17105,M
L50886,L
M24859,M
L57088,L
L49269,L
H35973,H
H31048,H
M24748,M
L53770,L
H37186,H
L47662,L
L51276,L
M20587,M
M23902,M
M24585,M
M19239,M
M17264,M
L53677,L
M22628,M
H30612,H
H31153,H
M18006,M
H32678,H
M22436,M
L51950,L
L47481,L
L48148,L
M18176,M
L48020,L
L51055,L
L47435,L
M19872,M
H29550,H
L52092,L
M19768,M
M15503,M
L55301,L
M20152,M
M20800,M
L55364,L
L47611,L
H38726,H
M24827,M
L47383,L
L52803,L
M23295,M
M19143,M
L52459,L
H29610,H
M19012,M
L56538,L
L49628,L
M18476,M
M18404,M
H34469,H
H32281,H
M16844,M
L55404,L
L47541,L
L51693,L
M17823,M
M17977,M
M17755,M
H35098,H
L57159,L
M19082,M
L54508,L
M17432,M
L52525,L
M15836,M
L56059,L
L54494,L
L51871,L
L53641,L
M24246,M
M17566,M
H29452,H
L48967,L
M22835,M
M23730,M
M23516,M
M16414,M
M16729,M
L55078,L
M18728,M
M19952,M
H30926,H
M17681,M
L48195,L
M15211,M
L47830,L
M19801,M
M18670,M
L47670,L
L51180,L
L47872,L
L54289,L
L49418,L
M24010,M
H34818,H
H38912,H
L48045,L
L49152,L
L49678,L
H39343,H
L49824,L
M20783,M
L55701,L
M21554,M
H38672,H
L52306,L
H30511,H
H32024,H
M19736,M
M18868,M
M19809,M
M15216,M
M15808,M
M17853,M
M18475,M
L52867,L
L52622,L
L54728,L
H32344,H
L47695,L
L55785,L
L52037,L
L53602,L
H29680,H
L48145,L
M24305,M
H30185,H
M15619,M
L52296,L
M20627,M
M15984,M
M15049,M
M24766,M
H30006,H
M22085,M
M17625,M
L52134,L
M19455,M
L49991,L
L47949,L
L52968,L
M23102,M
L50005,L
M24623,M
M19387,M
L53486,L
L52699,L
L47513,L
M17047,M
M16851,M
L48955,L
L49955,L
M22715,M
L48284,L
M20296,M
M15349,M
L50177,L
M19432,M
H36857,H
L54411,L
M19402,M
H29580,H
M19806,M
L50734,L
M21604,M
H29734,H
M21959,M
M23748,M
L54480,L
M19889,M
L47629,L
M24569,M
H31955,H
H34510,H
M17202,M
M19400,M
L47181,L
L52934,L
L56859,L
L56582,L
L49201,L
M18525,M
L51776,L
M19048,M
M14872,M
L48163,L
L56443,L
L51919,L
M18012,M
L55612,L
L51579,L
M17186,M
H31447,H
M17871,M
M22533,M
L48001,L
M18565,M
L56179,L
M15894,M
M23452,M
H33869,H
M14945,M
H31594,H
M19158,M
L53632,L
H30514,H
L48772,L
L55065,L
M23447,M
L49253,L
M22730,M
M16537,M
H35158,H
L48082,L
L54354,L
M15853,M
H35468,H
H30197,H
L56709,L
M24614,M
H32613,H
L48467,L
L53837,L
M22570,M
M17378,M
L55577,L
M21934,M
L52375,L
L54413,L
H37675,H
L55083,L
M20764,M
M20859,M
M16869,M
L47664,L
M14993,M
M15346,M
M23502,M
M16854,M
H34864,H
M19783,M
M24266,M
M23029,M
L49134,L
M23154,M
L48033,L
H30468,H
L53218,L
M19273,M
L51711,L
M19064,M
M19716,M
H35327,H
M20733,M
L52222,L
L47365,L
L47624,L
M20326,M
M14967,M
H30851,H
M17618,M
L47736,L
L54492,L
M24317,M
M20641,M
L48113,L
M15218,M
H38664,H
L50952,L
L52629,L
L47943,L
L47904,L
L47782,L
M15138,M
L51459,L
L52824,L
M23411,M
H38572,H
H33240,H
L50798,L
L53508,L
M15540,M
L52687,L
L54514,L
M18060,M
L50035,L
M16501,M
M23080,M
M22685,M
H29682,H
M23732,M
L55771,L
L47817,L
M24815,M
H30046,H
M16550,M
L48219,L
L52242,L
L51772,L
H30162,H
M20506,M
L55186,L
M24661,M
L47568,L
M20329,M
M22101,M
L51434,L
M22410,M
M15521,M
M19985,M
M22860,M
M15382,M
L48199,L
M23166,M
M19929,M
L53226,L
H33946,H
H30736,H
M21028,M
M20725,M
L56959,L
M19468,M
M20169,M
M20144,M
M15042,M
M21996,M
L47208,L
H35428,H
L47846,L
M19725,M
H36521,H
L50423,L
L51931,L
L55749,L
L51235,L
L48072,L
M16310,M
M23968,M
M19927,M
M20228,M
M16700,M
L49148,L
L48670,L
L55202,L
L50414,L
M23002,M
H31262,H
M19545,M
L55021,L
L55188,L
L52808,L
L55740,L
M16922,M
L52619,L
M21157,M
L47682,L
L48028,L
L47421,L
L50760,L
L48119,L
M16026,M
M16799,M
L51429,L
M19705,M
L47379,L
M15379,M
M24060,M
M20430,M
L55482,L
L51445,L
L49429,L
H30315,H
M16976,M
M20484,M
L48388,L
M22400,M
L50382,L
L47922,L
M21780,M
L48104,L
L52861,L
L51174,L
L47827,L
M16007,M
L47620,L
M18634,M
L47329,L
M22872,M
H29691,H
L51371,L
L48971,L
L53206,L
M20866,M
M20132,M
H30528,H
M22827,M
M15724,M
L54590,L
L54603,L
M24543,M
L56983,L
M20497,M
L56139,L
M16639,M
L52400,L
L47929,L
M15640,M
M16742,M
H34464,H
M16533,M
L50881,L
H31473,H
M22830,M
M20030,M
L48121,L
M24450,M
M19978,M
L48742,L
H38630,H
M20867,M
M15299,M
M23432,M
M19817,M
H29716,H
L49279,L
M18410,M
M17361,M
L48932,L
M17503,M
L48212,L
M21981,M
L47476,L
H30695,H
L55208,L
L49241,L
M19514,M
M15011,M
M20158,M
M18491,M
L52453,L
M15407,M
L52069,L
L48099,L
L48222,L
H32164,H
H38969,H
M16345,M
L47999,L
M21986,M
L49634,L
L51863,L
L53341,L
L50048,L
L51751,L
L51639,L
H38742,H
M15849,M
L52170,L
L51330,L
L52701,L
L51750,L
L50389,L
M17612,M
L48059,L
H29743,H
M15870,M
M16726,M
M21799,M
M17564,M
M18153,M
M24835,M
M16675,M
L48779,L
M21372,M
M20109,M
L48097,L
M19549,M
M18870,M
L47987,L
M16047,M
L49701,L
H39038,H
M22971,M
H29607,H
M20947,M
M20244,M
L55711,L
L54923,L
H37401,H
M15199,M
L48132,L
L54824,L
L47801,L
L47857,L
H37626,H
M15257,M
L51500,L
M23857,M
L49511,L
H32844,H
M19482,M
M21083,M
H32637,H
M14949,M
L52477,L
M15967,M
H33847,H
M15973,M
H39399,H
L47714,L
L51960,L
L51959,L
L47447,L
H29457,H
L51937,L
L48133,L
L51532,L
L48139,L
M19989,M
L47811,L
L55980,L
H34253,H
H34990,H
M21682,M
M20202,M
M24734,M
H36725,H
M24440,M
L51744,L
L47956,L
L48162,L
M20895,M
L55734,L
L48064,L
H30038,H
M15778,M
L51938,L
H35061,H
M19905,M
M21182,M
M15782,M
M22441,M
M22372,M
M23335,M
M21111,M
H29434,H
L48069,L
M20315,M
H36692,H
M16418,M
L55173,L
M16594,M
M19885,M
M19883,M
M15212,M
L56569,L
M21789,M
M18949,M
M17810,M
L50814,L
L51975,L
L52390,L
L55068,L
M24009,M
H37545,H
M15413,M
L50769,L
L50862,L
M15253,M
H37916,H
L49735,L
M17445,M
M14890,M
M19953,M
M21579,M
L47998,L
L52398,L
L52490,L
L55055,L
M18292,M
L49029,L
H37063,H
L48089,L
H29557,H
L50429,L
M20922,M
H29707,H
L47954,L
M19631,M
L48200,L
M15360,M
M15965,M
L52495,L
L51832,L
L51811,L
M18739,M
L50940,L
L48036,L
L50888,L
H37926,H
H32628,H
H31308,H
M19632,M
H31814,H
M19519,M
L52479,L
H30273,H
H36670,H
M23435,M
L48159,L
M19637,M
M24818,M
L56154,L
M15753,M
M19730,M
M23219,M
L49780,L
